abn,company_name,entity_type,status,gst_status,state,postcode,lead_score,classification,positive_signals,negative_signals,source
11057034787,SIMPLY THE BEST NUTRITION PTY. LTD.,Australian Private Company,ACT,NON,QLD,4300,25,Possible,nutrition (+25),,Australian ABN Bulk Extract
11163301415,KDF NUTRITION PTY LTD,Australian Private Company,ACT,ACT,QLD,4034,25,Possible,nutrition (+25),,Australian ABN Bulk Extract
11163466368,HICARE HEALTH FOOD PTY LTD,Australian Private Company,ACT,ACT,QLD,4556,40,Good potential,health food (+40),,Australian ABN Bulk Extract
11245019668,TASTE FINE FOOD DISTRIBUTOR,Individual/Sole Trader,ACT,CAN,NSW,2101,40,Good potential,food distributor (+40),,Australian ABN Bulk Extract
11276057594,IGNITE NUTRITION CO,Individual/Sole Trader,ACT,NON,WA,6058,25,Possible,nutrition (+25),,Australian ABN Bulk Extract
11276274237,SAP SAP THAI GROCERY,Individual/Sole Trader,ACT,NON,NSW,2261,40,Good potential,grocery (+20); grocer (+20),,Australian ABN Bulk Extract
11301251645,CATERING FOR NUTRITION,Individual/Sole Trader,ACT,ACT,QLD,4005,25,Possible,nutrition (+25),,Australian ABN Bulk Extract
11327780517,NEW BLOOM NUTRITION,Individual/Sole Trader,ACT,NON,NSW,2230,25,Possible,nutrition (+25),,Australian ABN Bulk Extract
11334700504,LET'S GLOW - NUTRITION AND TRAINING,Individual/Sole Trader,ACT,NON,NSW,2101,25,Possible,nutrition (+25),,Australian ABN Bulk Extract
11347813324,APRIMA FOOD DISTRIBUTORS,Individual/Sole Trader,ACT,ACT,NSW,2168,40,Good potential,food distributor (+40),,Australian ABN Bulk Extract
11378665063,DISCOVERIES WHOLESALE DISTRIBUTORS LIMITED,Other Incorporated Entity,ACT,CAN,NSW,2200,30,Possible,wholesale (+15); distributor (+15),,Australian ABN Bulk Extract
11426294693,NUTRITIOUS NUTRITION,Individual/Sole Trader,ACT,NON,VIC,3033,25,Possible,nutrition (+25),,Australian ABN Bulk Extract
11453620503,DPL GROCERY SUPPLIES,Individual/Sole Trader,ACT,CAN,VIC,3074,40,Good potential,grocery (+20); grocer (+20),,Australian ABN Bulk Extract
11544569527,The Trustee for South Pacific Division of the Seventh-day Adventist Church Health Food Department - Australia Trust,Fixed Trust,ACT,NON,NSW,2076,40,Good potential,health food (+40),,Australian ABN Bulk Extract
11584342731,AUSTRALIAN DIRECT WHOLESALERS & IMPORTERS,Individual/Sole Trader,ACT,NON,QLD,4504,25,Possible,wholesale (+15); importer (+10),,Australian ABN Bulk Extract
11604705736,HIVE NUTRITION,Individual/Sole Trader,ACT,CAN,ACT,2603,25,Possible,nutrition (+25),,Australian ABN Bulk Extract
11610792044,RASTO ORGANIC FOOD PTY. LTD.,Australian Private Company,ACT,CAN,NSW,2154,40,Good potential,organic food (+40),,Australian ABN Bulk Extract
11610948886,A.P NUTRITION PTY LTD,Australian Private Company,ACT,ACT,NSW,2224,25,Possible,nutrition (+25),,Australian ABN Bulk Extract
11614156848,THE GROWTH SUPPLEMENTS PTY LTD,Australian Private Company,ACT,ACT,NSW,2167,25,Possible,supplement (+25),,Australian ABN Bulk Extract
11643996098,ASSEMBLE NUTRITION PTY LTD,Australian Private Company,ACT,ACT,NSW,2750,25,Possible,nutrition (+25),,Australian ABN Bulk Extract
11649297996,NUTRITION MILK DYNASTY PTY LTD,Australian Private Company,ACT,ACT,VIC,3150,25,Possible,nutrition (+25),,Australian ABN Bulk Extract
11659755469,SYNERGIZE NUTRITION PTY LTD,Australian Private Company,ACT,NON,NSW,2070,25,Possible,nutrition (+25),,Australian ABN Bulk Extract
11678938273,BSS NUTRITION AND DIETETICS PTY LTD,Australian Private Company,ACT,ACT,NSW,2570,25,Possible,nutrition (+25),,Australian ABN Bulk Extract
11680276733,MESSINA GROCERY PTY LTD,Australian Private Company,ACT,ACT,NSW,2113,40,Good potential,grocery (+20); grocer (+20),,Australian ABN Bulk Extract
11680941306,BOSS NUTRITION PTY LTD,Australian Private Company,ACT,NON,NSW,2010,25,Possible,nutrition (+25),,Australian ABN Bulk Extract
11688263792,GROCERY WHOLESALE PTY LTD,Australian Private Company,ACT,ACT,NSW,2190,55,Good potential,grocery (+20); grocer (+20); wholesale (+15),,Australian ABN Bulk Extract
11693297942,BITEWISE NUTRITION PTY LTD,Australian Private Company,ACT,ACT,QLD,4306,25,Possible,nutrition (+25),,Australian ABN Bulk Extract
11693806174,HIGH COUNTRY NUTRITION AND DIETETICS PTY LTD,Australian Private Company,ACT,ACT,VIC,3678,25,Possible,nutrition (+25),,Australian ABN Bulk Extract
11695957183,LOCAL GROCERY PTY LTD,Australian Private Company,ACT,ACT,NSW,2765,40,Good potential,grocery (+20); grocer (+20),,Australian ABN Bulk Extract
11699180599,TRUE BLUE GROCERY PTY LTD,Australian Private Company,ACT,ACT,VIC,3108,40,Good potential,grocery (+20); grocer (+20),,Australian ABN Bulk Extract
11803249048,MURRUMBIDGEE NUTRITION,Individual/Sole Trader,ACT,ACT,NSW,2705,25,Possible,nutrition (+25),,Australian ABN Bulk Extract
11833104563,FIT IT HEALTH AND NUTRITION,Individual/Sole Trader,ACT,CAN,VIC,3429,25,Possible,nutrition (+25),,Australian ABN Bulk Extract
11886850936,ASIAN & MIDDLE EAST GROCERY,Individual/Sole Trader,ACT,ACT,NSW,2464,40,Good potential,grocery (+20); grocer (+20),,Australian ABN Bulk Extract
11904753621,HD FERTILITY & NUTRITION,Individual/Sole Trader,ACT,NON,VIC,3033,25,Possible,nutrition (+25),,Australian ABN Bulk Extract
11913204572,AILM - NUTRITION SKIN BROWS,Individual/Sole Trader,ACT,NON,WA,6025,25,Possible,nutrition (+25),,Australian ABN Bulk Extract
12006849627,UNIQUE NUTRITION PTY. LTD.,Australian Private Company,ACT,CAN,VIC,3144,25,Possible,nutrition (+25),,Australian ABN Bulk Extract
12069287252,VITA INN HEALTH FOODS PTY LTD,Australian Private Company,ACT,NON,QLD,4343,40,Good potential,health food (+40),,Australian ABN Bulk Extract
12109576786,AUTONOMY HEALTH & SUPPLEMENTS,Individual/Sole Trader,ACT,ACT,QLD,4211,25,Possible,supplement (+25),,Australian ABN Bulk Extract
12139585532,Powerhouse Health & Nutrition Pty Ltd,Australian Private Company,ACT,ACT,NSW,2200,25,Possible,nutrition (+25),,Australian ABN Bulk Extract
12142644059,ZHANG TAN HUNG ASIAN GROCERY PTY LTD,Australian Private Company,ACT,ACT,VIC,3152,40,Good potential,grocery (+20); grocer (+20),,Australian ABN Bulk Extract
12169058840,CITY JUN GROCERY,Individual/Sole Trader,ACT,CAN,NSW,2127,40,Good potential,grocery (+20); grocer (+20),,Australian ABN Bulk Extract
12169412475,The Nutrition Space Australia,Individual/Sole Trader,ACT,NON,QLD,4051,25,Possible,nutrition (+25),,Australian ABN Bulk Extract
12188579570,Rhian Hunter Yoga Ayuveda Nutrition,Individual/Sole Trader,ACT,NON,QLD,4655,25,Possible,nutrition (+25),,Australian ABN Bulk Extract
12245515479,BAYSIDE NUTRITION,Individual/Sole Trader,ACT,ACT,QLD,4655,25,Possible,nutrition (+25),,Australian ABN Bulk Extract
12271809629,EPT HEALTH & NUTRITION COACHING,Individual/Sole Trader,ACT,NON,VIC,3644,25,Possible,nutrition (+25),,Australian ABN Bulk Extract
12306594917,SHAPE NUTRITION,Individual/Sole Trader,ACT,CAN,SA,5073,25,Possible,nutrition (+25),,Australian ABN Bulk Extract
12322734902,NUTRITIONAL SYNERGY,Individual/Sole Trader,ACT,CAN,NSW,2009,25,Possible,nutrition (+25),,Australian ABN Bulk Extract
12359249027,THE EVERYDAY NUTRITIONIST,Individual/Sole Trader,ACT,NON,WA,6569,25,Possible,nutrition (+25),,Australian ABN Bulk Extract
12418361682,ENVISION NUTRITION,Individual/Sole Trader,ACT,CAN,NSW,2768,25,Possible,nutrition (+25),,Australian ABN Bulk Extract
12428430986,HOLBROOK HEALTH AND NUTRITION,Individual/Sole Trader,ACT,NON,VIC,3280,25,Possible,nutrition (+25),,Australian ABN Bulk Extract
12524978472,The Trustee for Restore Nutrition Trust,Fixed Unit Trust,ACT,NON,QLD,4060,25,Possible,nutrition (+25),,Australian ABN Bulk Extract
12542438486,NUTRITIONAL DIVA,Individual/Sole Trader,ACT,ACT,NSW,2456,25,Possible,nutrition (+25),,Australian ABN Bulk Extract
12546840167,Pabico Fast Food & Asian Groceries,Individual/Sole Trader,ACT,CAN,NSW,2770,30,Possible,grocer (+20); food (+10),,Australian ABN Bulk Extract
12571581261,CAILIE FORD NUTRITION,Individual/Sole Trader,ACT,ACT,NSW,2016,25,Possible,nutrition (+25),,Australian ABN Bulk Extract
12606773282,HONG VINH ASIAN GROCERY PTY LTD,Australian Private Company,ACT,ACT,VIC,3048,40,Good potential,grocery (+20); grocer (+20),,Australian ABN Bulk Extract
12611178413,ZHANG TAN HUNG ASIAN GROCERY SPRINGVALE PTY LTD,Australian Private Company,ACT,ACT,VIC,3171,40,Good potential,grocery (+20); grocer (+20),,Australian ABN Bulk Extract
12618029404,LIU'S ASIAN GROCERY PTY LTD,Australian Private Company,ACT,ACT,NSW,2220,40,Good potential,grocery (+20); grocer (+20),,Australian ABN Bulk Extract
12643590649,SUPER INDIAN GROCERY PTY LTD,Australian Private Company,ACT,ACT,SA,5008,40,Good potential,grocery (+20); grocer (+20),,Australian ABN Bulk Extract
12652980779,STEPPING STONES NUTRITION,Individual/Sole Trader,ACT,NON,NSW,2096,25,Possible,nutrition (+25),,Australian ABN Bulk Extract
12653062714,THG AUS NUTRITION PTY LIMITED,Australian Private Company,ACT,ACT,NSW,2000,25,Possible,nutrition (+25),,Australian ABN Bulk Extract
12671109514,PREMIUM SUPPLEMENTS AU PTY LTD,Australian Private Company,ACT,ACT,QLD,4211,25,Possible,supplement (+25),,Australian ABN Bulk Extract
12673301310,DRP AQUATIC NUTRITION PTY LTD,Australian Private Company,ACT,ACT,WA,6110,25,Possible,nutrition (+25),,Australian ABN Bulk Extract
12678100699,SDS WHOLESALER AND DISTRIBUTOR PTY LTD,Australian Private Company,ACT,ACT,VIC,3076,30,Possible,wholesale (+15); distributor (+15),,Australian ABN Bulk Extract
12682278253,IRONHUB SUPPLEMENTS PTY LTD,Australian Private Company,ACT,ACT,VIC,3978,25,Possible,supplement (+25),,Australian ABN Bulk Extract
12699233120,FUEGO SUPPLEMENTS PTY LTD,Australian Private Company,ACT,ACT,NSW,2000,25,Possible,supplement (+25),,Australian ABN Bulk Extract
12700424639,ABBEY ANIMAL NUTRITION LABS PTY LTD,Australian Private Company,ACT,NON,NSW,2153,25,Possible,nutrition (+25),,Australian ABN Bulk Extract
12717143579,Em Adderley Nutrition,Individual/Sole Trader,ACT,NON,NSW,2450,25,Possible,nutrition (+25),,Australian ABN Bulk Extract
12754350714,TRISH RYNENBERG-NUTRITIONIST,Individual/Sole Trader,ACT,NON,NSW,2107,25,Possible,nutrition (+25),,Australian ABN Bulk Extract
12780383720,CANA Nutrition,Individual/Sole Trader,ACT,NON,VIC,3166,25,Possible,nutrition (+25),,Australian ABN Bulk Extract
12805262362,B NUTRITION,Individual/Sole Trader,ACT,NON,WA,6163,25,Possible,nutrition (+25),,Australian ABN Bulk Extract
12819052461,CONSCIOUS NUTRITION,Individual/Sole Trader,ACT,CAN,QLD,4562,25,Possible,nutrition (+25),,Australian ABN Bulk Extract
12831197601,Eat Fit Nutrition,Individual/Sole Trader,ACT,NON,VIC,3934,25,Possible,nutrition (+25),,Australian ABN Bulk Extract
12855464882,Nurrish Nutrition,Individual/Sole Trader,ACT,CAN,NSW,2000,25,Possible,nutrition (+25),,Australian ABN Bulk Extract
12864197816,Quintessential Nutrition,Individual/Sole Trader,ACT,NON,VIC,3350,25,Possible,nutrition (+25),,Australian ABN Bulk Extract
12920613620,CROSSCO FOOD WHOLESALER,Individual/Sole Trader,ACT,ACT,NSW,2160,75,High potential,food wholesaler (+40); food wholesale (+35),,Australian ABN Bulk Extract
12929398679,JC NUTRITION,Individual/Sole Trader,ACT,NON,QLD,4217,25,Possible,nutrition (+25),,Australian ABN Bulk Extract
12934091172,Performer Nutrition,Individual/Sole Trader,ACT,NON,VIC,3931,25,Possible,nutrition (+25),,Australian ABN Bulk Extract
12970561190,HELIX NUTRITION,Individual/Sole Trader,ACT,NON,VIC,3047,25,Possible,nutrition (+25),,Australian ABN Bulk Extract
12980110113,Think Forward Nutrition,Individual/Sole Trader,ACT,NON,QLD,4006,25,Possible,nutrition (+25),,Australian ABN Bulk Extract
12997767335,Gladiator Supplements,Individual/Sole Trader,ACT,ACT,NSW,2500,25,Possible,supplement (+25),,Australian ABN Bulk Extract
13019191564,CELESTIAL NUTRITION,Individual/Sole Trader,ACT,ACT,VIC,3144,25,Possible,nutrition (+25),,Australian ABN Bulk Extract
13057353753,NUTRITION INTUITION,Individual/Sole Trader,ACT,CAN,NSW,2019,25,Possible,nutrition (+25),,Australian ABN Bulk Extract
13103568038,SWEET NUTRITIONAL HEALTH PTY LTD,Australian Private Company,ACT,NON,SA,5081,25,Possible,nutrition (+25),,Australian ABN Bulk Extract
13104465162,SUE WALTER HEALTH AND NUTRITION,Individual/Sole Trader,ACT,NON,NSW,2290,25,Possible,nutrition (+25),,Australian ABN Bulk Extract
13114830327,DEFENSE NUTRITION,Individual/Sole Trader,ACT,NON,NSW,2234,25,Possible,nutrition (+25),,Australian ABN Bulk Extract
13120618911,MONSTER HEALTH FOOD CO PTY LTD,Australian Private Company,ACT,NON,NSW,2119,40,Good potential,health food (+40),,Australian ABN Bulk Extract
13134588257,Nutritional Edge Pty Limited,Australian Private Company,ACT,ACT,NSW,2026,25,Possible,nutrition (+25),,Australian ABN Bulk Extract
13148348019,ONE UP NUTRITION & SUPPLEMENT SUPPLIES,Individual/Sole Trader,ACT,ACT,NSW,2760,50,Good potential,supplement (+25); nutrition (+25),,Australian ABN Bulk Extract
13168420273,FINE FOODS DISTRIBUTORS AUSTRALIA PTY LTD,Australian Private Company,ACT,ACT,NSW,2125,25,Possible,distributor (+15); food (+10),,Australian ABN Bulk Extract
13181710030,Ensemble Nutrition,Individual/Sole Trader,ACT,NON,WA,6007,25,Possible,nutrition (+25),,Australian ABN Bulk Extract
13253439525,Coconut Superfood,Individual/Sole Trader,ACT,NON,QLD,4020,45,Good potential,superfood (+45),,Australian ABN Bulk Extract
13290942261,PERTH SPORTS NUTRITION,Individual/Sole Trader,ACT,NON,WA,6163,25,Possible,nutrition (+25),,Australian ABN Bulk Extract
13302688691,VICKI CUMMINGS NUTRITION ADVISOR,Individual/Sole Trader,ACT,CAN,VIC,3115,25,Possible,nutrition (+25),,Australian ABN Bulk Extract
13412847250,Sophie Mahoney Nutrition Consulting,Individual/Sole Trader,ACT,ACT,VIC,3058,25,Possible,nutrition (+25),,Australian ABN Bulk Extract
13424156103,Earth and Seed Nutrition,Individual/Sole Trader,ACT,NON,ACT,2611,25,Possible,nutrition (+25),,Australian ABN Bulk Extract
13447265327,LEVELLED UP NUTRITION,Individual/Sole Trader,ACT,NON,QLD,4510,25,Possible,nutrition (+25),,Australian ABN Bulk Extract
13457790764,DAWES LIVESTOCK NUTRITION,Individual/Sole Trader,ACT,NON,SA,5031,25,Possible,nutrition (+25),,Australian ABN Bulk Extract
13472856154,PUREHER NUTRITION & WELLNESS,Individual/Sole Trader,ACT,NON,,,25,Possible,nutrition (+25),,Australian ABN Bulk Extract
13477158258,MISSION NUTRITION CO,Individual/Sole Trader,ACT,NON,QLD,4852,25,Possible,nutrition (+25),,Australian ABN Bulk Extract
13481856096,THRIVE NUTRITION AND MASSAGE,Individual/Sole Trader,ACT,ACT,QLD,4883,25,Possible,nutrition (+25),,Australian ABN Bulk Extract
13486402114,BALANCE AND BLOOM NUTRITION,Individual/Sole Trader,ACT,NON,QLD,4814,25,Possible,nutrition (+25),,Australian ABN Bulk Extract
13558741680,FOUNDATIONS FAMILY NUTRITION,Individual/Sole Trader,ACT,NON,VIC,3220,25,Possible,nutrition (+25),,Australian ABN Bulk Extract
13598512243,Soul & Seed Nutrition,Individual/Sole Trader,ACT,NON,TAS,7250,25,Possible,nutrition (+25),,Australian ABN Bulk Extract
13618086114,MARKRIS WHOLESALE FOODS PTY LTD,Australian Private Company,ACT,ACT,QLD,4566,25,Possible,wholesale (+15); food (+10),,Australian ABN Bulk Extract
13630722913,THE AUSTRALASIAN ASSOCIATION AND REGISTER OF PRACTICING NUTRITIONISTS (AARPN) LTD,Australian Public Company,ACT,NON,SA,5022,25,Possible,nutrition (+25),,Australian ABN Bulk Extract
13642244353,ZEAL SUPERFOODS PTY LTD,Australian Private Company,ACT,NON,VIC,3150,45,Good potential,superfood (+45),,Australian ABN Bulk Extract
13644219581,NEAT NUTRITION PTY LTD,Australian Private Company,ACT,ACT,VIC,3228,25,Possible,nutrition (+25),,Australian ABN Bulk Extract
13655107844,Ellevate Nutrition,Individual/Sole Trader,ACT,NON,ACT,2605,25,Possible,nutrition (+25),,Australian ABN Bulk Extract
13665605649,SIMPLE NUTRITION PTY LTD,Australian Private Company,ACT,NON,NSW,2204,25,Possible,nutrition (+25),,Australian ABN Bulk Extract
13667257687,ELITE SUPERFOOD PTY LTD.,Australian Private Company,ACT,NON,NSW,2216,45,Good potential,superfood (+45),,Australian ABN Bulk Extract
13683801295,NUTRITION4HEALTH,Individual/Sole Trader,ACT,ACT,QLD,4220,25,Possible,nutrition (+25),,Australian ABN Bulk Extract
13685852755,685 Nutrition,Individual/Sole Trader,ACT,CAN,SA,5073,25,Possible,nutrition (+25),,Australian ABN Bulk Extract
13689297372,A GROCERY ON WHEELS PTY LTD,Australian Private Company,ACT,ACT,NSW,2540,40,Good potential,grocery (+20); grocer (+20),,Australian ABN Bulk Extract
13690161534,SUPPLEMENT & HEALTH SHACK PTY LTD,Australian Private Company,ACT,ACT,QLD,4017,25,Possible,supplement (+25),,Australian ABN Bulk Extract
13694446083,ATLAS NUTRITION PTY LTD,Australian Private Company,ACT,NON,VIC,3123,25,Possible,nutrition (+25),,Australian ABN Bulk Extract
13694676198,JEMS NATURAL PRODUCTS PTY LTD,Australian Private Company,ACT,NON,VIC,3068,35,Possible,natural products (+35),,Australian ABN Bulk Extract
13695221728,DYNAMIC PERFORMANCE AND NUTRITION,Individual/Sole Trader,ACT,NON,NSW,2192,25,Possible,nutrition (+25),,Australian ABN Bulk Extract
13695327476,Beach Yum Nutrition,Individual/Sole Trader,ACT,ACT,NSW,2263,25,Possible,nutrition (+25),,Australian ABN Bulk Extract
13695573614,GROCERY 99 PTY LTD,Australian Private Company,ACT,ACT,NSW,2770,40,Good potential,grocery (+20); grocer (+20),,Australian ABN Bulk Extract
13695980682,AMAZONIA SUPERFOODS PTY LTD,Australian Private Company,ACT,NON,WA,6051,45,Good potential,superfood (+45),,Australian ABN Bulk Extract
13700392249,COAST LABS NUTRITION PTY LTD,Australian Private Company,ACT,NON,QLD,4218,25,Possible,nutrition (+25),,Australian ABN Bulk Extract
13792318048,Melt Nutrition,Individual/Sole Trader,ACT,NON,QLD,4000,25,Possible,nutrition (+25),,Australian ABN Bulk Extract
13802675296,BROOKE MARION NUTRITION,Individual/Sole Trader,ACT,NON,NSW,2040,25,Possible,nutrition (+25),,Australian ABN Bulk Extract
13923417509,MODEL NUTRITION INTL,Individual/Sole Trader,ACT,NON,WA,6164,25,Possible,nutrition (+25),,Australian ABN Bulk Extract
13944056595,Shimmer Health and Nutrition,Individual/Sole Trader,ACT,CAN,QLD,4868,25,Possible,nutrition (+25),,Australian ABN Bulk Extract
13957545385,TRUST THE PROCESS NUTRITION,Individual/Sole Trader,ACT,NON,NSW,2229,25,Possible,nutrition (+25),,Australian ABN Bulk Extract
13982870197,NUTRITION BY HART,Individual/Sole Trader,ACT,CAN,VIC,3350,25,Possible,nutrition (+25),,Australian ABN Bulk Extract
14108547502,Anika Natural Products Pty Ltd,Australian Private Company,ACT,ACT,QLD,4207,35,Possible,natural products (+35),,Australian ABN Bulk Extract
14131745518,SUMMIT GROCERY SUPPLY PTY LTD,Australian Private Company,ACT,CAN,VIC,3910,40,Good potential,grocery (+20); grocer (+20),,Australian ABN Bulk Extract
14153225601,NIMBIN ORGANIC FOOD CO-OPERATIVE LIMITED,Co-operative,ACT,ACT,NSW,2480,40,Good potential,organic food (+40),,Australian ABN Bulk Extract
14160703391,CITY HEALTH FOODS AUSTRALIA PTY LIMITED,Australian Private Company,ACT,ACT,NSW,2289,40,Good potential,health food (+40),,Australian ABN Bulk Extract
14161432391,SUPERIOR NUTRITION HOLDINGS PTY LTD,Australian Private Company,ACT,CAN,VIC,3051,25,Possible,nutrition (+25),,Australian ABN Bulk Extract
14164861143,HIGH DEFINITION SUPPLEMENTS PTY LTD,Australian Private Company,ACT,ACT,NSW,2170,25,Possible,supplement (+25),,Australian ABN Bulk Extract
14164931613,RACHEL ARTHUR NUTRITION PTY LTD,Australian Private Company,ACT,NON,NSW,2482,25,Possible,nutrition (+25),,Australian ABN Bulk Extract
14167819338,AVALANCHE NATURES SUPERFOODS PTY LTD,Australian Private Company,ACT,ACT,QLD,4521,45,Good potential,superfood (+45),,Australian ABN Bulk Extract
14223727833,NUTRITION BY ANASTASIA,Individual/Sole Trader,ACT,NON,SA,5041,25,Possible,nutrition (+25),,Australian ABN Bulk Extract
14250559051,HARVEST NUTRITION,Individual/Sole Trader,ACT,NON,NSW,2145,25,Possible,nutrition (+25),,Australian ABN Bulk Extract
14293203364,Reed Nutrition,Individual/Sole Trader,ACT,ACT,NSW,2481,25,Possible,nutrition (+25),,Australian ABN Bulk Extract
14303114135,Vitality holistic nutrition,Individual/Sole Trader,ACT,NON,VIC,3842,25,Possible,nutrition (+25),,Australian ABN Bulk Extract
14350710356,NATURAL ANIMAL NUTRITIONISTS,Individual/Sole Trader,ACT,NON,WA,6078,25,Possible,nutrition (+25),,Australian ABN Bulk Extract
14400310814,Sustainable Nutrition,Individual/Sole Trader,ACT,ACT,SA,5064,25,Possible,nutrition (+25),,Australian ABN Bulk Extract
14432846499,SHEREE RILEY KIDS NUTRITION,Individual/Sole Trader,ACT,NON,NSW,2450,25,Possible,nutrition (+25),,Australian ABN Bulk Extract
14439128147,The Organic Whole Food Store,Individual/Sole Trader,ACT,CAN,VIC,3698,25,Possible,organic (+15); food (+10),,Australian ABN Bulk Extract
14485824151,Machine Supplements,Individual/Sole Trader,ACT,NON,NSW,2000,25,Possible,supplement (+25),,Australian ABN Bulk Extract
14584387910,Forever You Nutrition,Individual/Sole Trader,ACT,NON,VIC,3500,25,Possible,nutrition (+25),,Australian ABN Bulk Extract
14614501852,NUTRITION STATION MARRICKVILLE PTY LTD,Australian Private Company,ACT,ACT,NSW,2204,25,Possible,nutrition (+25),,Australian ABN Bulk Extract
14615487271,OTR GROCERY RETAILING PTY LTD,Australian Private Company,ACT,ACT,SA,5068,40,Good potential,grocery (+20); grocer (+20),,Australian ABN Bulk Extract
14621763513,PROBIOTIC FOODS WHOLESALE PTY LTD,Australian Private Company,ACT,ACT,QLD,4209,25,Possible,wholesale (+15); food (+10),,Australian ABN Bulk Extract
14621800762,REVIVE NUTRITION PTY LTD,Australian Private Company,ACT,CAN,NSW,2291,25,Possible,nutrition (+25),,Australian ABN Bulk Extract
14624136429,NXT-GEN NUTRITION WOY WOY PTY LTD,Australian Private Company,ACT,ACT,NSW,2256,25,Possible,nutrition (+25),,Australian ABN Bulk Extract
14626095841,NPW NATURAL PRODUCTS AUSTRALIA PTY LTD,Australian Private Company,ACT,ACT,VIC,3172,35,Possible,natural products (+35),,Australian ABN Bulk Extract
14628011469,MY FOOD DISTRIBUTOR PTY LTD,Australian Private Company,ACT,ACT,NSW,2232,40,Good potential,food distributor (+40),,Australian ABN Bulk Extract
14630835577,KONG-CRETE NUTRITION PTY LTD,Australian Private Company,ACT,ACT,QLD,4510,25,Possible,nutrition (+25),,Australian ABN Bulk Extract
14632961838,BW LIFESTYLE NUTRITION PTY LTD,Australian Private Company,ACT,ACT,SA,5067,25,Possible,nutrition (+25),,Australian ABN Bulk Extract
14644070913,ANCESTRAL NUTRITION PTY LTD,Australian Private Company,ACT,ACT,NSW,2481,25,Possible,nutrition (+25),,Australian ABN Bulk Extract
14654447024,ARROW NUTRITION AUSTRALIA PTY LTD,Australian Private Company,ACT,NON,VIC,3082,25,Possible,nutrition (+25),,Australian ABN Bulk Extract
14663017623,MUSCLE MURRIAN SUPPLEMENTS PTY LTD,Australian Private Company,ACT,ACT,VIC,3805,25,Possible,supplement (+25),,Australian ABN Bulk Extract
14665301062,AKP NUTRITION,Individual/Sole Trader,ACT,NON,WA,6168,25,Possible,nutrition (+25),,Australian ABN Bulk Extract
14678184533,TS COACHING AND NUTRITION PTY LTD,Australian Private Company,ACT,NON,SA,5351,25,Possible,nutrition (+25),,Australian ABN Bulk Extract
14684297603,COBURG GROCERY PTY LTD,Australian Private Company,ACT,ACT,VIC,3175,40,Good potential,grocery (+20); grocer (+20),,Australian ABN Bulk Extract
14691274932,WHITE LABEL NUTRITION PTY LTD,Australian Private Company,ACT,NON,VIC,3173,25,Possible,nutrition (+25),,Australian ABN Bulk Extract
14692319896,REDEFINED NUTRITION AND COACHING PTY LTD,Australian Private Company,ACT,ACT,QLD,4215,25,Possible,nutrition (+25),,Australian ABN Bulk Extract
14693351772,NUTRITIONUP PTY LTD,Australian Private Company,ACT,NON,VIC,3977,25,Possible,nutrition (+25),,Australian ABN Bulk Extract
14694426269,AUSTRALIAN SPORTS NUTRITION ROCKHAMPTON PTY LTD,Australian Private Company,ACT,ACT,QLD,4680,25,Possible,nutrition (+25),,Australian ABN Bulk Extract
14696038169,REANNE YOUNG NUTRITION PTY LTD,Australian Private Company,ACT,NON,NSW,2749,25,Possible,nutrition (+25),,Australian ABN Bulk Extract
14723372488,LUCY INJERA BAKERY AND GROCERY,Individual/Sole Trader,ACT,ACT,VIC,3029,40,Good potential,grocery (+20); grocer (+20),,Australian ABN Bulk Extract
14838123709,Food and Nutrition Consultancy,Individual/Sole Trader,ACT,NON,VIC,3128,35,Possible,nutrition (+25); food (+10),,Australian ABN Bulk Extract
14864188785,Aligned Nutrition Co.,Individual/Sole Trader,ACT,ACT,QLD,4220,25,Possible,nutrition (+25),,Australian ABN Bulk Extract
14867972997,MOTHERFOLK NUTRITION,Individual/Sole Trader,ACT,NON,NSW,2040,25,Possible,nutrition (+25),,Australian ABN Bulk Extract
14877424300,RELOAD NUTRITION CO,Individual/Sole Trader,ACT,CAN,NSW,2650,25,Possible,nutrition (+25),,Australian ABN Bulk Extract
14894281549,Kelly Cross Nutritional Medicine,Individual/Sole Trader,ACT,NON,VIC,3193,25,Possible,nutrition (+25),,Australian ABN Bulk Extract
14920168468,SUNBURY ORGANIC FOOD CO-OPERATIVE LTD,Co-operative,ACT,NON,VIC,3429,40,Good potential,organic food (+40),,Australian ABN Bulk Extract
14930617690,Total Nutrition & Dietetics,Individual/Sole Trader,ACT,NON,NSW,2541,25,Possible,nutrition (+25),,Australian ABN Bulk Extract
14991090195,The trustee for the Organic Wholefoods Trust,Discretionary Trading Trust,ACT,ACT,VIC,3065,25,Possible,organic (+15); food (+10),,Australian ABN Bulk Extract
14997586584,INNATE NUTRITION,Individual/Sole Trader,ACT,NON,NSW,2768,25,Possible,nutrition (+25),,Australian ABN Bulk Extract
15052173434,HILLS NUTRITION 4 HEALTH,Individual/Sole Trader,ACT,NON,NSW,2152,25,Possible,nutrition (+25),,Australian ABN Bulk Extract
15088248177,ANIMAL NUTRITION PRODUCTS PTY. LTD.,Australian Private Company,ACT,CAN,QLD,4066,25,Possible,nutrition (+25),,Australian ABN Bulk Extract
15098389836,RAPID NUTRITION PTY LTD,Australian Private Company,ACT,ACT,QLD,4172,25,Possible,nutrition (+25),,Australian ABN Bulk Extract
15123927359,A HELPING HAND NUTRITION,Individual/Sole Trader,ACT,NON,QLD,4035,25,Possible,nutrition (+25),,Australian ABN Bulk Extract
15129421412,MK HEALTH AND NUTRITION,Individual/Sole Trader,ACT,NON,VIC,3427,25,Possible,nutrition (+25),,Australian ABN Bulk Extract
15151397921,GOODNESS GRACIOUS HEALTH FOOD AND SUPPLEMENTS,Individual/Sole Trader,ACT,CAN,QLD,4184,65,High potential,health food (+40); supplement (+25),,Australian ABN Bulk Extract
15153566809,WILDBITE NUTRITION,Individual/Sole Trader,ACT,NON,NSW,2749,25,Possible,nutrition (+25),,Australian ABN Bulk Extract
15156123661,BTop Marketing Importers and Wholesalers Pty Ltd,Australian Private Company,ACT,ACT,NSW,2225,25,Possible,wholesale (+15); importer (+10),,Australian ABN Bulk Extract
15161071503,DIETARYSUPPLEMENTS PTY LTD,Australian Private Company,ACT,CAN,NSW,2125,25,Possible,supplement (+25),,Australian ABN Bulk Extract
15164814243,INNER STRENGTH TRAINING & NUTRITION,Individual/Sole Trader,ACT,NON,QLD,4110,25,Possible,nutrition (+25),,Australian ABN Bulk Extract
15179079612,PERIODISED NUTRITION,Individual/Sole Trader,ACT,NON,SA,5341,25,Possible,nutrition (+25),,Australian ABN Bulk Extract
15229673173,HYPERFITT NUTRITION,Individual/Sole Trader,ACT,NON,QLD,4215,25,Possible,nutrition (+25),,Australian ABN Bulk Extract
15236258624,KAREN ASIAN GROCERY,Individual/Sole Trader,ACT,CAN,VIC,3138,40,Good potential,grocery (+20); grocer (+20),,Australian ABN Bulk Extract
15267728523,Maisha Grocery Shop,Individual/Sole Trader,ACT,ACT,NSW,2170,40,Good potential,grocery (+20); grocer (+20),,Australian ABN Bulk Extract
15326435681,The Trustee for Hybrid Nutrition Australia Unit Trust,Fixed Trust,ACT,ACT,VIC,3340,25,Possible,nutrition (+25),,Australian ABN Bulk Extract
15328848612,PRC Supplements,Individual/Sole Trader,ACT,NON,QLD,4500,25,Possible,supplement (+25),,Australian ABN Bulk Extract
15427057607,NOURISH TO THRIVE FAMILY NUTRITION,Individual/Sole Trader,ACT,NON,NSW,2220,25,Possible,nutrition (+25),,Australian ABN Bulk Extract
15469875304,ANA RAVIER NUTRITION & DIETETICS,Individual/Sole Trader,ACT,ACT,NSW,2096,25,Possible,nutrition (+25),,Australian ABN Bulk Extract
15492487901,APEX SPORTS NUTRITION,Individual/Sole Trader,ACT,CAN,NSW,2641,25,Possible,nutrition (+25),,Australian ABN Bulk Extract
15501374740,THE TRUSTEE FOR FC GROCERY UNIT TRUST,Fixed Unit Trust,ACT,CAN,NSW,2480,40,Good potential,grocery (+20); grocer (+20),,Australian ABN Bulk Extract
15585860165,Katherine's Pet Nutritional Advice,Individual/Sole Trader,ACT,ACT,VIC,3228,25,Possible,nutrition (+25),,Australian ABN Bulk Extract
15608213832,MARKL GROCERY PTY LTD,Australian Private Company,ACT,ACT,NSW,2737,40,Good potential,grocery (+20); grocer (+20),,Australian ABN Bulk Extract
15610125621,Corporate Nutrition,Individual/Sole Trader,ACT,NON,VIC,3107,25,Possible,nutrition (+25),,Australian ABN Bulk Extract
15621620568,TOP NUTRITION (AUSTRALIA) PTY LIMITED,Australian Private Company,ACT,ACT,NSW,2289,25,Possible,nutrition (+25),,Australian ABN Bulk Extract
15623349119,APPLE TO ZUCCHINI PERFORMANCE NUTRITION PTY LTD,Australian Private Company,ACT,ACT,QLD,4065,25,Possible,nutrition (+25),,Australian ABN Bulk Extract
15626954078,CW GROCERY STORE PTY LTD,Australian Private Company,ACT,CAN,QLD,4006,40,Good potential,grocery (+20); grocer (+20),,Australian ABN Bulk Extract
15632369371,NATURAL WEIGHT LOSS AND NUTRITION CONSULTING,Individual/Sole Trader,ACT,NON,VIC,3505,25,Possible,nutrition (+25),,Australian ABN Bulk Extract
15643822253,GROCERY TECH PTY. LTD.,Australian Private Company,ACT,CAN,VIC,3166,40,Good potential,grocery (+20); grocer (+20),,Australian ABN Bulk Extract
15652416790,NUTRITION 29 PTY LTD,Australian Private Company,ACT,ACT,NSW,2165,25,Possible,nutrition (+25),,Australian ABN Bulk Extract
15662688486,XIAODIAOMIN ASIAN GROCERY PTY LTD,Australian Private Company,ACT,CAN,NSW,2136,40,Good potential,grocery (+20); grocer (+20),,Australian ABN Bulk Extract
15664750298,D&D GROCERY PTY LTD,Australian Private Company,ACT,ACT,VIC,3038,40,Good potential,grocery (+20); grocer (+20),,Australian ABN Bulk Extract
15670404449,BIOMEMEGA NUTRACEUTICALS & NUTRITION PTY LTD,Australian Private Company,ACT,CAN,NSW,2154,25,Possible,nutrition (+25),,Australian ABN Bulk Extract
15674040987,EASY GROCERY STORE PTY LTD,Australian Private Company,ACT,ACT,QLD,4114,40,Good potential,grocery (+20); grocer (+20),,Australian ABN Bulk Extract
15676525652,SOUTH PAW NUTRITION PTY LTD,Australian Private Company,ACT,NON,QLD,4006,25,Possible,nutrition (+25),,Australian ABN Bulk Extract
15677780353,SLAY SUPPLEMENTS LTD,Australian Public Company,ACT,NON,NSW,2036,25,Possible,supplement (+25),,Australian ABN Bulk Extract
15678945581,JIALE ASIAN GROCERY PTY LTD,Australian Private Company,ACT,ACT,SA,5000,40,Good potential,grocery (+20); grocer (+20),,Australian ABN Bulk Extract
15685097072,LETTUCE TALK NUTRITION PTY LTD,Australian Private Company,ACT,NON,VIC,3165,25,Possible,nutrition (+25),,Australian ABN Bulk Extract
15691464034,CLARENCE GROCERY PTY LTD,Australian Private Company,ACT,ACT,SA,5092,40,Good potential,grocery (+20); grocer (+20),,Australian ABN Bulk Extract
15696046652,HURSTVILLE GROCERY PTY LTD,Australian Private Company,ACT,ACT,NSW,2200,40,Good potential,grocery (+20); grocer (+20),,Australian ABN Bulk Extract
15697431315,COASTAL PERFORMANCE NUTRITION PTY LTD,Australian Private Company,ACT,ACT,NSW,2250,25,Possible,nutrition (+25),,Australian ABN Bulk Extract
15698470183,BEN GROCERY WHOLE SELLER PTY LTD,Australian Private Company,ACT,NON,WA,6069,40,Good potential,grocery (+20); grocer (+20),,Australian ABN Bulk Extract
15717549176,FITNIZE NUTRITION,Individual/Sole Trader,ACT,ACT,QLD,4128,25,Possible,nutrition (+25),,Australian ABN Bulk Extract
15825891385,NOOCH NUTRITION,Individual/Sole Trader,ACT,NON,NSW,2283,25,Possible,nutrition (+25),,Australian ABN Bulk Extract
15848121986,ISLAND BICOM-NUTRITION & NATUROPATHY,Individual/Sole Trader,ACT,CAN,SA,5223,25,Possible,nutrition (+25),,Australian ABN Bulk Extract
15863595956,Asia Lane Grocery,Individual/Sole Trader,ACT,ACT,VIC,3023,40,Good potential,grocery (+20); grocer (+20),,Australian ABN Bulk Extract
15931982561,Ignite Sports Nutrition Tamworth,Individual/Sole Trader,ACT,ACT,NSW,2340,25,Possible,nutrition (+25),,Australian ABN Bulk Extract
15982691164,Kinder Nutrition,Individual/Sole Trader,ACT,NON,QLD,4171,25,Possible,nutrition (+25),,Australian ABN Bulk Extract
15987471908,Overall Nutrition,Individual/Sole Trader,ACT,ACT,NSW,2130,25,Possible,nutrition (+25),,Australian ABN Bulk Extract
16075105467,PM ADVANCED NUTRITION (AUSTRALIA) PTY. LTD.,Australian Private Company,ACT,ACT,VIC,3037,25,Possible,nutrition (+25),,Australian ABN Bulk Extract
16086427296,O'BRIENS WHOLESALE MEAT DISTRIBUTORS PTY LTD,Australian Private Company,ACT,CAN,SA,5110,30,Possible,wholesale (+15); distributor (+15),,Australian ABN Bulk Extract
16091772422,CRYSTAL BROOK NATURAL PRODUCTS PTY LTD,Australian Private Company,ACT,ACT,SA,5523,35,Possible,natural products (+35),,Australian ABN Bulk Extract
16101246511,The Organic Food and Beverage Company Pty Ltd,Australian Private Company,ACT,NON,SA,5000,40,Good potential,organic food (+40),,Australian ABN Bulk Extract
16139251808,Physical Health & Nutrition Pty Ltd,Australian Private Company,ACT,ACT,VIC,3931,25,Possible,nutrition (+25),,Australian ABN Bulk Extract
16143851604,SPANSWICK MATERNAL NUTRITION,Individual/Sole Trader,ACT,ACT,WA,6312,25,Possible,nutrition (+25),,Australian ABN Bulk Extract
16147309251,Kinetic Nutrition Pty Ltd,Australian Private Company,ACT,CAN,QLD,4670,25,Possible,nutrition (+25),,Australian ABN Bulk Extract
16189130502,Red Kanga Nutrition & Accessories,Individual/Sole Trader,ACT,ACT,VIC,3064,25,Possible,nutrition (+25),,Australian ABN Bulk Extract
16194289030,9 CONVENIENCE 'N' GROCERY STORE,Individual/Sole Trader,ACT,ACT,VIC,3011,40,Good potential,grocery (+20); grocer (+20),,Australian ABN Bulk Extract
16248167303,FLOURISH COUNSELLING & NUTRITION,Individual/Sole Trader,ACT,CAN,QLD,4224,25,Possible,nutrition (+25),,Australian ABN Bulk Extract
16248213462,The Naked Seed Nutrition,Individual/Sole Trader,ACT,NON,NSW,2107,25,Possible,nutrition (+25),,Australian ABN Bulk Extract
16395824412,Target Nutrition,Individual/Sole Trader,ACT,NON,QLD,4053,25,Possible,nutrition (+25),,Australian ABN Bulk Extract
16452955709,Body Balance Nutrition,Individual/Sole Trader,ACT,ACT,NSW,2478,25,Possible,nutrition (+25),,Australian ABN Bulk Extract
16477153568,AUSTRALIA OPTIMAL NUTRITION ASSOCIATION INC.,Other Incorporated Entity,ACT,NON,QLD,4109,25,Possible,nutrition (+25),,Australian ABN Bulk Extract
16515784542,COLEMANS WHOLESALE SEAFOOD DISTRIBUTORS,Individual/Sole Trader,ACT,ACT,NSW,2303,25,Possible,food distributor (+40); wholesale (+15),seafood (-30),Australian ABN Bulk Extract
16590587275,SHE OAK NUTRITION,Individual/Sole Trader,ACT,NON,NSW,2455,25,Possible,nutrition (+25),,Australian ABN Bulk Extract
16616292198,DRIVE NUTRITION,Individual/Sole Trader,ACT,ACT,QLD,4218,25,Possible,nutrition (+25),,Australian ABN Bulk Extract
16619505690,NEXUS SPORTS NUTRITION PTY LTD,Australian Private Company,ACT,ACT,QLD,4214,25,Possible,nutrition (+25),,Australian ABN Bulk Extract
16624004333,IQ.N INTELLIGENT NUTRITION PTY LTD,Australian Private Company,ACT,NON,VIC,3144,25,Possible,nutrition (+25),,Australian ABN Bulk Extract
16627538023,ULTINATURE NUTRITIONALS AUSTRALIA PTY LTD,Australian Private Company,ACT,ACT,VIC,3173,25,Possible,nutrition (+25),,Australian ABN Bulk Extract
16632901896,GROCERY PTY LTD,Australian Private Company,ACT,ACT,NSW,2153,40,Good potential,grocery (+20); grocer (+20),,Australian ABN Bulk Extract
16639740522,Star Nutrition,Individual/Sole Trader,ACT,NON,QLD,4870,25,Possible,nutrition (+25),,Australian ABN Bulk Extract
16641139148,FALLON NUTRITION PTY LTD,Australian Private Company,ACT,ACT,NSW,2500,25,Possible,nutrition (+25),,Australian ABN Bulk Extract
16642510414,BUDDHA ASIAN GROCERY PTY LTD,Australian Private Company,ACT,ACT,TAS,7018,40,Good potential,grocery (+20); grocer (+20),,Australian ABN Bulk Extract
16657396766,NATURAL SUPERFOODS & CO PTY LTD,Australian Private Company,ACT,NON,NSW,2576,45,Good potential,superfood (+45),,Australian ABN Bulk Extract
16659798811,IV NUTRITION PTY LTD,Australian Private Company,ACT,ACT,QLD,4216,25,Possible,nutrition (+25),,Australian ABN Bulk Extract
16665870986,A-TONE SUPPLEMENTS PTY LTD,Australian Private Company,ACT,ACT,SA,5048,25,Possible,supplement (+25),,Australian ABN Bulk Extract
16665946252,DERRIMUT NUTRITION BAR PTY LTD,Australian Private Company,ACT,ACT,VIC,3026,25,Possible,nutrition (+25),,Australian ABN Bulk Extract
16667912996,SMILES GROCERY PTY LTD,Australian Private Company,ACT,ACT,VIC,3021,40,Good potential,grocery (+20); grocer (+20),,Australian ABN Bulk Extract
16674014160,ATHENE NUTRITION,Individual/Sole Trader,ACT,NON,SA,5069,25,Possible,nutrition (+25),,Australian ABN Bulk Extract
16680691918,HOOI ORGANIC FOOD PTY. LTD.,Australian Private Company,ACT,ACT,VIC,3067,40,Good potential,organic food (+40),,Australian ABN Bulk Extract
16684386776,FPN PET NUTRITION PTY LIMITED,Australian Private Company,ACT,ACT,NSW,2000,25,Possible,nutrition (+25),,Australian ABN Bulk Extract
16685391922,THE FRENCH NUTRITIONIST CO PTY LTD,Australian Private Company,ACT,NON,NSW,2031,25,Possible,nutrition (+25),,Australian ABN Bulk Extract
16686096686,INFINITY SUPPLEMENTS PTY LTD,Australian Private Company,ACT,ACT,QLD,4280,25,Possible,supplement (+25),,Australian ABN Bulk Extract
16690476281,SAANVI GROCERY PTY LTD,Australian Private Company,ACT,NON,NSW,2850,40,Good potential,grocery (+20); grocer (+20),,Australian ABN Bulk Extract
16693673362,CAFFRA SUPPLEMENTS PTY LTD,Australian Private Company,ACT,NON,NSW,2502,25,Possible,supplement (+25),,Australian ABN Bulk Extract
16698630125,SMARTER SUPPLEMENTS PTY LIMITED,Australian Private Company,ACT,ACT,NSW,2158,25,Possible,supplement (+25),,Australian ABN Bulk Extract
16698982124,IRONHUB SUPPLEMENTS BALLARAT PTY LTD,Australian Private Company,ACT,NON,VIC,3978,25,Possible,supplement (+25),,Australian ABN Bulk Extract
16706270903,HUMBLE NUTRITION,Individual/Sole Trader,ACT,NON,QLD,4053,25,Possible,nutrition (+25),,Australian ABN Bulk Extract
16717995151,INSTNCT TRAINING AND NUTRITION,Individual/Sole Trader,ACT,NON,QLD,4068,25,Possible,nutrition (+25),,Australian ABN Bulk Extract
16763547321,Zest Outdoor Training & Nutrition,Individual/Sole Trader,ACT,NON,NSW,2093,25,Possible,nutrition (+25),,Australian ABN Bulk Extract
16802731006,RAW HUMAN NUTRITION,Individual/Sole Trader,ACT,NON,QLD,4218,25,Possible,nutrition (+25),,Australian ABN Bulk Extract
16815217636,Mindful Nutrition Plus,Individual/Sole Trader,ACT,ACT,ACT,2914,25,Possible,nutrition (+25),,Australian ABN Bulk Extract
16859849565,PRECISION ANIMAL NUTRITION,Individual/Sole Trader,ACT,NON,NSW,2153,25,Possible,nutrition (+25),,Australian ABN Bulk Extract
16998631936,AM NUTRITION & COACHING,Individual/Sole Trader,ACT,NON,VIC,3000,25,Possible,nutrition (+25),,Australian ABN Bulk Extract
17008672080,GERALDTON FOOD DISTRIBUTORS PROPRIETARY LIMITED,Australian Private Company,ACT,CAN,WA,6151,40,Good potential,food distributor (+40),,Australian ABN Bulk Extract
17026134940,PROJECT NUTRITION,Individual/Sole Trader,ACT,CAN,NSW,2430,25,Possible,nutrition (+25),,Australian ABN Bulk Extract
17083959620,NOVUS NUTRITION PTY LTD,Australian Private Company,ACT,ACT,NSW,2060,25,Possible,nutrition (+25),,Australian ABN Bulk Extract
17102583906,GLOBAL EQUINE NUTRITION SERVICES PTY LTD,Australian Private Company,ACT,ACT,QLD,4551,25,Possible,nutrition (+25),,Australian ABN Bulk Extract
17123088246,SYNERGISTIC NUTRITION PTY. LTD.,Australian Private Company,ACT,CAN,VIC,3079,25,Possible,nutrition (+25),,Australian ABN Bulk Extract
17128438755,Nutrition Warehouse Pty Ltd,Australian Private Company,ACT,ACT,QLD,4209,25,Possible,nutrition (+25),,Australian ABN Bulk Extract
17131976803,Total Body Nutrition,Individual/Sole Trader,ACT,ACT,WA,6030,25,Possible,nutrition (+25),,Australian ABN Bulk Extract
17158981447,BIOFLEX NUTRITION PTY LTD,Australian Private Company,ACT,ACT,TAS,7109,25,Possible,nutrition (+25),,Australian ABN Bulk Extract
17164126470,NEIMA INJERA BAKERY AND GROCERY PTY LTD,Australian Private Company,ACT,ACT,VIC,3011,40,Good potential,grocery (+20); grocer (+20),,Australian ABN Bulk Extract
17204872175,ZONE 2 NUTRITION,Individual/Sole Trader,ACT,NON,NSW,2032,25,Possible,nutrition (+25),,Australian ABN Bulk Extract
17307156658,SUPPLEMENT TRACKER,Individual/Sole Trader,ACT,NON,QLD,4214,25,Possible,supplement (+25),,Australian ABN Bulk Extract
17420049442,EQUINE NUTRITION & WELLNESS CO.,Individual/Sole Trader,ACT,NON,VIC,3427,25,Possible,nutrition (+25),,Australian ABN Bulk Extract
17437322827,NUTRITION ON EYRE,Individual/Sole Trader,ACT,NON,SA,5600,25,Possible,nutrition (+25),,Australian ABN Bulk Extract
17509163185,NUTRITION BY ANNA CAMILLE,Individual/Sole Trader,ACT,NON,NSW,2350,25,Possible,nutrition (+25),,Australian ABN Bulk Extract
17542100647,NEW YOU NUTRITION & DIETETICS,Individual/Sole Trader,ACT,NON,QLD,4221,25,Possible,nutrition (+25),,Australian ABN Bulk Extract
17551958568,Will Jenkins Nutrition and Dietetics,Individual/Sole Trader,ACT,ACT,VIC,3125,25,Possible,nutrition (+25),,Australian ABN Bulk Extract
17564568870,IGNITE NUTRITION COACHING,Individual/Sole Trader,ACT,ACT,VIC,3219,25,Possible,nutrition (+25),,Australian ABN Bulk Extract
17597454994,The Trustee for My Proper Nutrition Trust,Discretionary Investment Trust,ACT,NON,VIC,3040,25,Possible,nutrition (+25),,Australian ABN Bulk Extract
17603164565,NUTRITION WITH CARMZ,Individual/Sole Trader,ACT,NON,VIC,3336,25,Possible,nutrition (+25),,Australian ABN Bulk Extract
17615075400,child nutrition,Individual/Sole Trader,ACT,ACT,VIC,3183,25,Possible,nutrition (+25),,Australian ABN Bulk Extract
17618123381,NUTRITION INNOVATION SINGAPORE PTE. LTD.,Other Incorporated Entity,ACT,CAN,VIC,3186,25,Possible,nutrition (+25),,Australian ABN Bulk Extract
17621538341,HOUSE OF SUPPLEMENTS AUSTRALIA PTY LTD,Australian Private Company,ACT,ACT,QLD,4170,25,Possible,supplement (+25),,Australian ABN Bulk Extract
17631815248,RESET NUTRITION PTY LTD,Australian Private Company,ACT,ACT,NSW,2257,25,Possible,nutrition (+25),,Australian ABN Bulk Extract
17639376857,Smart Nutrition,Individual/Sole Trader,ACT,CAN,SA,5031,25,Possible,nutrition (+25),,Australian ABN Bulk Extract
17640488415,REDEFINE NUTRITION AND MOVEMENT,Individual/Sole Trader,ACT,ACT,WA,6025,25,Possible,nutrition (+25),,Australian ABN Bulk Extract
17643828380,NUTRITION APAC PTY LTD,Australian Private Company,ACT,NON,VIC,3008,25,Possible,nutrition (+25),,Australian ABN Bulk Extract
17649368418,SUMAR GROCERY PTY LTD,Australian Private Company,ACT,ACT,SA,5006,40,Good potential,grocery (+20); grocer (+20),,Australian ABN Bulk Extract
17652541912,FWD FORM NUTRITION PTY LTD,Australian Private Company,ACT,ACT,NSW,2251,25,Possible,nutrition (+25),,Australian ABN Bulk Extract
17654165152,AL RAYAN FRUIT & GROCERY PTY LTD,Australian Private Company,ACT,ACT,NSW,2144,40,Good potential,grocery (+20); grocer (+20),,Australian ABN Bulk Extract
17656140742,HUYNH MAI GROCERY PTY LTD,Australian Private Company,ACT,ACT,VIC,3021,40,Good potential,grocery (+20); grocer (+20),,Australian ABN Bulk Extract
17668876917,WNUTRITION PTY LTD,Australian Private Company,ACT,ACT,QLD,4051,25,Possible,nutrition (+25),,Australian ABN Bulk Extract
17671717927,VITALITY SUPPLEMENTS PTY LTD,Australian Private Company,ACT,ACT,QLD,4680,25,Possible,supplement (+25),,Australian ABN Bulk Extract
17680546927,SOURCE NUTRITION PTY LTD,Australian Private Company,ACT,ACT,NSW,2065,25,Possible,nutrition (+25),,Australian ABN Bulk Extract
17680840957,CALCOS NUTRITION PTY LTD,Australian Private Company,ACT,NON,QLD,4101,25,Possible,nutrition (+25),,Australian ABN Bulk Extract
17681603529,YKL SUPER GROCERY PTY LTD,Australian Private Company,ACT,ACT,VIC,3129,40,Good potential,grocery (+20); grocer (+20),,Australian ABN Bulk Extract
17681891538,ZAKIEH GROCERY PTY LTD,Australian Private Company,ACT,ACT,NSW,2200,40,Good potential,grocery (+20); grocer (+20),,Australian ABN Bulk Extract
17682460957,PEACHY LIFE NUTRITION PTY LTD,Australian Private Company,ACT,NON,NSW,2095,25,Possible,nutrition (+25),,Australian ABN Bulk Extract
17688635609,CASTLE HILL GROCERY PTY LTD,Australian Private Company,ACT,ACT,NSW,2154,40,Good potential,grocery (+20); grocer (+20),,Australian ABN Bulk Extract
17693809004,NUTRITION VERIFIED CO PTY LTD,Australian Private Company,ACT,ACT,QLD,4006,25,Possible,nutrition (+25),,Australian ABN Bulk Extract
17700610082,STATE SUPPLEMENTS PTY LTD,Australian Private Company,ACT,NON,VIC,3083,25,Possible,supplement (+25),,Australian ABN Bulk Extract
17710906564,FACTORY DIRECT NUTRITION,Individual/Sole Trader,ACT,ACT,TAS,7320,25,Possible,nutrition (+25),,Australian ABN Bulk Extract
17728680945,CHANGE EVOLVE ACCEPT NUTRITION,Individual/Sole Trader,ACT,NON,NSW,2480,25,Possible,nutrition (+25),,Australian ABN Bulk Extract
17804920813,ASIAN FOOD WHOLESALERS (ADELAIDE) PTY LTD & ASIAN GROCERY (ADELAIDE) PTY LTD & H CHAO & K LIM,Other Partnership,ACT,ACT,SA,5011,115,High potential,food wholesaler (+40); food wholesale (+35); grocery (+20); grocer (+20),,Australian ABN Bulk Extract
17824765208,Himanot Wholesale Food Trading,Individual/Sole Trader,ACT,CAN,VIC,3030,25,Possible,wholesale (+15); food (+10),,Australian ABN Bulk Extract
17848035261,WE RUN NUTRITION,Individual/Sole Trader,ACT,NON,QLD,4053,25,Possible,nutrition (+25),,Australian ABN Bulk Extract
17929244932,PURE SUPPLEMENTS AUSTRALIA,Individual/Sole Trader,ACT,NON,QLD,4123,25,Possible,supplement (+25),,Australian ABN Bulk Extract
17940428288,Clear Nutrition Coaching,Individual/Sole Trader,ACT,NON,VIC,3912,25,Possible,nutrition (+25),,Australian ABN Bulk Extract
17963119251,LIVEWELL NUTRITION AND DIETETICS,Individual/Sole Trader,ACT,NON,VIC,3084,25,Possible,nutrition (+25),,Australian ABN Bulk Extract
18006817616,TAN HUNG ASIAN GROCERY PTY. LTD.,Australian Private Company,ACT,CAN,VIC,3121,40,Good potential,grocery (+20); grocer (+20),,Australian ABN Bulk Extract
18080911119,BODY RIPPED SPORTS NUTRITION PTY LTD,Australian Private Company,ACT,ACT,VIC,3977,25,Possible,nutrition (+25),,Australian ABN Bulk Extract
18100532910,NUTRITION TECHNOLOGY PTY LTD,Australian Private Company,ACT,NON,QLD,4221,25,Possible,nutrition (+25),,Australian ABN Bulk Extract
18153462943,Payless Protein & Supplements,Individual/Sole Trader,ACT,ACT,NSW,2168,25,Possible,supplement (+25),,Australian ABN Bulk Extract
18159249108,BLACK SWAN NUTRITION PTY LTD,Australian Private Company,ACT,ACT,WA,6153,25,Possible,nutrition (+25),,Australian ABN Bulk Extract
18160845332,FOOD IN FOCUS NUTRITION,Individual/Sole Trader,ACT,NON,NSW,2447,35,Possible,nutrition (+25); food (+10),,Australian ABN Bulk Extract
18162404797,Awesome Nutrition,Individual/Sole Trader,ACT,NON,QLD,4124,25,Possible,nutrition (+25),,Australian ABN Bulk Extract
18216553843,Nutritional Life,Individual/Sole Trader,ACT,NON,VIC,3064,25,Possible,nutrition (+25),,Australian ABN Bulk Extract
18275026609,NUTRITION BY NAE,Individual/Sole Trader,ACT,NON,NSW,2500,25,Possible,nutrition (+25),,Australian ABN Bulk Extract
18348236445,Shiraz Grocery,Individual/Sole Trader,ACT,ACT,SA,5049,40,Good potential,grocery (+20); grocer (+20),,Australian ABN Bulk Extract
18401423815,YEARN Nutrition,Individual/Sole Trader,ACT,ACT,NSW,2357,25,Possible,nutrition (+25),,Australian ABN Bulk Extract
18401750823,ELXR NUTRITION CO.,Individual/Sole Trader,ACT,NON,NSW,2525,25,Possible,nutrition (+25),,Australian ABN Bulk Extract
18409461898,SHINE NUTRITION,Individual/Sole Trader,ACT,NON,NSW,2138,25,Possible,nutrition (+25),,Australian ABN Bulk Extract
18420792071,Flinders University Nutrition Club,Other Unincorporated Entity,ACT,NON,SA,5042,25,Possible,nutrition (+25),,Australian ABN Bulk Extract
18426023477,exseeding nutrition,Individual/Sole Trader,ACT,NON,QLD,4210,25,Possible,nutrition (+25),,Australian ABN Bulk Extract
18460060487,BITE BACK NUTRITION,Individual/Sole Trader,ACT,NON,VIC,3149,25,Possible,nutrition (+25),,Australian ABN Bulk Extract
18486155043,Medussa Nutrition,Individual/Sole Trader,ACT,NON,NSW,2194,25,Possible,nutrition (+25),,Australian ABN Bulk Extract
18513978332,FRESH NUTRITION SOLUTIONS,Individual/Sole Trader,ACT,ACT,NSW,2800,25,Possible,nutrition (+25),,Australian ABN Bulk Extract
18517394782,Considered Nutrition,Individual/Sole Trader,ACT,ACT,NSW,2830,25,Possible,nutrition (+25),,Australian ABN Bulk Extract
18529149696,MY GOODNESS NUTRITION,Individual/Sole Trader,ACT,ACT,NSW,2478,25,Possible,nutrition (+25),,Australian ABN Bulk Extract
18564268235,LIVEFIT NUTRITION & HEALTH,Individual/Sole Trader,ACT,NON,NSW,2450,25,Possible,nutrition (+25),,Australian ABN Bulk Extract
18565143041,Nutrition and Dietetic's Student Association,Other Unincorporated Entity,ACT,NON,WA,6102,25,Possible,nutrition (+25),,Australian ABN Bulk Extract
18600952546,Sunshine Myanmar Grocery,Individual/Sole Trader,ACT,ACT,SA,5085,40,Good potential,grocery (+20); grocer (+20),,Australian ABN Bulk Extract
18617272081,KETO NUTRITION PTY LTD,Australian Private Company,ACT,ACT,VIC,3193,25,Possible,nutrition (+25),,Australian ABN Bulk Extract
18624226357,BOOTYNBUFF NUTRITION PTY. LTD.,Australian Private Company,ACT,NON,NSW,2229,25,Possible,nutrition (+25),,Australian ABN Bulk Extract
18624769900,NUTRITIONAL POWDER TECHNOLOGIES PTY LTD,Australian Private Company,ACT,ACT,VIC,3122,25,Possible,nutrition (+25),,Australian ABN Bulk Extract
18633827746,ELIXIR HEALTH FOOD PTY. LTD.,Australian Private Company,ACT,ACT,NSW,2167,40,Good potential,health food (+40),,Australian ABN Bulk Extract
18639090252,AUSSIEGROCERYSTORES PTY LTD,Australian Private Company,ACT,CAN,VIC,3337,40,Good potential,grocery (+20); grocer (+20),,Australian ABN Bulk Extract
18641111542,NUTRITION CAPITAL VICTORIA PTY LTD,Australian Private Company,ACT,ACT,VIC,3042,25,Possible,nutrition (+25),,Australian ABN Bulk Extract
18646311391,NUTRITION PATHWAYS PTY LTD,Australian Private Company,ACT,CAN,QLD,4030,25,Possible,nutrition (+25),,Australian ABN Bulk Extract
18648133966,ENHANCED SUPPLEMENTS FAIRFIELD PTY LTD,Australian Private Company,ACT,ACT,NSW,2165,25,Possible,supplement (+25),,Australian ABN Bulk Extract
18663558370,GATEAWAY SPICES INDIAN GROCERY STORE PTY LTD,Australian Private Company,ACT,ACT,NSW,2641,40,Good potential,grocery (+20); grocer (+20),,Australian ABN Bulk Extract
18664657103,ORGANIC GROCERIES PTY LTD,Australian Private Company,ACT,CAN,VIC,3815,35,Possible,grocer (+20); organic (+15),,Australian ABN Bulk Extract
18669398556,Z&Z ASIAN GROCERY PTY LTD,Australian Private Company,ACT,ACT,NT,0830,40,Good potential,grocery (+20); grocer (+20),,Australian ABN Bulk Extract
18683185917,GROCERY EVERYDAY PTY LTD,Australian Private Company,ACT,NON,VIC,3174,40,Good potential,grocery (+20); grocer (+20),,Australian ABN Bulk Extract
18684707097,INDIAN GROCERY MART PTY LTD,Australian Private Company,ACT,ACT,NSW,2767,40,Good potential,grocery (+20); grocer (+20),,Australian ABN Bulk Extract
18685850391,ALBERT ST GROCERY PTY LTD,Australian Private Company,ACT,ACT,QLD,4000,40,Good potential,grocery (+20); grocer (+20),,Australian ABN Bulk Extract
18689521748,FALLOW NUTRITION PTY LTD,Australian Private Company,ACT,ACT,NSW,2627,25,Possible,nutrition (+25),,Australian ABN Bulk Extract
18692773461,MARGARET RIVER NUTRITION PTY LTD,Australian Private Company,ACT,NON,WA,6280,25,Possible,nutrition (+25),,Australian ABN Bulk Extract
18693345747,FITBODZ PERSONAL TRAINING & NUTRITION PTY LTD,Australian Private Company,ACT,ACT,NSW,2010,25,Possible,nutrition (+25),,Australian ABN Bulk Extract
18693496418,WHOLE BODY NUTRITION PTY LTD,Australian Private Company,ACT,ACT,VIC,3163,25,Possible,nutrition (+25),,Australian ABN Bulk Extract
18694815471,VIPLUS NUTRITION PTY LTD,Australian Private Company,ACT,ACT,VIC,3000,25,Possible,nutrition (+25),,Australian ABN Bulk Extract
18695111472,HYDRAX NUTRITION PTY LTD,Australian Private Company,ACT,NON,QLD,4000,25,Possible,nutrition (+25),,Australian ABN Bulk Extract
18713064759,SINEAD PT AND NUTRITION,Individual/Sole Trader,ACT,CAN,QLD,4000,25,Possible,nutrition (+25),,Australian ABN Bulk Extract
18776847535,AUSTRALASIAN COLLEGE OF NUTRITIONAL & ENVIRONMETAL MEDICINE INC,Other Incorporated Entity,ACT,ACT,VIC,3205,25,Possible,nutrition (+25),,Australian ABN Bulk Extract
18809881899,Spartan Supplements,Individual/Sole Trader,ACT,CAN,WA,6170,25,Possible,supplement (+25),,Australian ABN Bulk Extract
18842402720,HAPPY AND WELL NUTRITION,Individual/Sole Trader,ACT,NON,WA,6153,25,Possible,nutrition (+25),,Australian ABN Bulk Extract
18848191309,KezFit PT and Nutrition,Individual/Sole Trader,ACT,NON,WA,6056,25,Possible,nutrition (+25),,Australian ABN Bulk Extract
18875573127,Booval Grocery,Individual/Sole Trader,ACT,ACT,QLD,4076,40,Good potential,grocery (+20); grocer (+20),,Australian ABN Bulk Extract
18879933573,REVIVE NUTRITION TRAINING,Individual/Sole Trader,ACT,NON,WA,6450,25,Possible,nutrition (+25),,Australian ABN Bulk Extract
18892576820,Zest for Life Nutrition,Individual/Sole Trader,ACT,CAN,VIC,3111,25,Possible,nutrition (+25),,Australian ABN Bulk Extract
18899569668,Northern Foods Grocery Group Limited,Other Incorporated Entity,ACT,ACT,,WF17 5JG,50,Good potential,grocery (+20); grocer (+20); food (+10),,Australian ABN Bulk Extract
18908130364,KRAFTED NUTRITION,Individual/Sole Trader,ACT,NON,QLD,4218,25,Possible,nutrition (+25),,Australian ABN Bulk Extract
18911916897,MARINA DRON NUTRITION SERVICES,Individual/Sole Trader,ACT,CAN,NSW,2618,25,Possible,nutrition (+25),,Australian ABN Bulk Extract
18965624909,Freshwater Nutrition,Individual/Sole Trader,ACT,CAN,NSW,2096,25,Possible,nutrition (+25),,Australian ABN Bulk Extract
19120014046,Food Forward Nutrition & Dietetics,Individual/Sole Trader,ACT,NON,WA,6000,35,Possible,nutrition (+25); food (+10),,Australian ABN Bulk Extract
19142254637,Pure Balance Nutrition & Coaching,Individual/Sole Trader,ACT,NON,VIC,3931,25,Possible,nutrition (+25),,Australian ABN Bulk Extract
19155437620,Grocery Delivery E-Services Australia Pty Limited,Australian Private Company,ACT,ACT,NSW,2008,40,Good potential,grocery (+20); grocer (+20),,Australian ABN Bulk Extract
19160325511,NUTRITION CARE SERVICES PTY LTD,Australian Private Company,ACT,ACT,NSW,2196,25,Possible,nutrition (+25),,Australian ABN Bulk Extract
19163203392,TERRY GOLOMBICK NUTRITIONIST,Individual/Sole Trader,ACT,CAN,NSW,2030,25,Possible,nutrition (+25),,Australian ABN Bulk Extract
19164517720,SWITCH SUPERFOODS PTY. LTD.,Australian Private Company,ACT,CAN,VIC,3000,45,Good potential,superfood (+45),,Australian ABN Bulk Extract
19271225764,Better Sports Nutrition,Individual/Sole Trader,ACT,NON,ACT,2912,25,Possible,nutrition (+25),,Australian ABN Bulk Extract
19344124922,GAYLE NELSON NUTRITION AND WELLNESS,Individual/Sole Trader,ACT,NON,NSW,2088,25,Possible,nutrition (+25),,Australian ABN Bulk Extract
19429779501,Empower Nutrition,Individual/Sole Trader,ACT,ACT,QLD,4227,25,Possible,nutrition (+25),,Australian ABN Bulk Extract
19450305219,CONCEPT NUTRITION,Individual/Sole Trader,ACT,ACT,NSW,2077,25,Possible,nutrition (+25),,Australian ABN Bulk Extract
19496866174,TASTE FOR HEALTH NUTRITION,Individual/Sole Trader,ACT,ACT,WA,6111,25,Possible,nutrition (+25),,Australian ABN Bulk Extract
19508605121,HITMAN SPORTS NUTRITION,Individual/Sole Trader,ACT,NON,NT,0820,25,Possible,nutrition (+25),,Australian ABN Bulk Extract
19619289002,GOLD SUPPLEMENTS PTY LTD,Australian Private Company,ACT,ACT,NSW,2114,25,Possible,supplement (+25),,Australian ABN Bulk Extract
19627942296,SUPPLEMENT WHOLESALERS PTY LTD,Australian Private Company,ACT,ACT,NSW,2161,40,Good potential,supplement (+25); wholesale (+15),,Australian ABN Bulk Extract
19640438080,WILKOFIT SPORTS NUTRITION AND COACHING PTY LTD,Australian Private Company,ACT,ACT,NSW,2167,25,Possible,nutrition (+25),,Australian ABN Bulk Extract
19645588530,SAPIENT NUTRITION PTY LTD,Australian Private Company,ACT,ACT,VIC,3916,25,Possible,nutrition (+25),,Australian ABN Bulk Extract
19646398594,BARIATRIC NUTRITION PTY LTD,Australian Private Company,ACT,ACT,WA,6009,25,Possible,nutrition (+25),,Australian ABN Bulk Extract
19647825750,APRYL KOCH NUTRITION HOLDINGS PTY LTD,Australian Private Company,ACT,ACT,SA,5172,25,Possible,nutrition (+25),,Australian ABN Bulk Extract
19648043181,HAPPY GROCERY PTY LTD,Australian Private Company,ACT,ACT,TAS,7004,40,Good potential,grocery (+20); grocer (+20),,Australian ABN Bulk Extract
19657691113,BONDI GROCERY PTY LTD,Australian Private Company,ACT,ACT,NSW,2141,40,Good potential,grocery (+20); grocer (+20),,Australian ABN Bulk Extract
19658775341,AQUATIC NUTRITION PTY LTD,Australian Private Company,ACT,CAN,QLD,4858,25,Possible,nutrition (+25),,Australian ABN Bulk Extract
19670007119,CASEY HALAL MEATS & GROCERY PTY LTD,Australian Private Company,ACT,ACT,VIC,3805,40,Good potential,grocery (+20); grocer (+20),,Australian ABN Bulk Extract
19675031571,MORINGA LIFE PTY LTD,Australian Private Company,ACT,NON,QLD,4131,60,High potential,moringa (+60),,Australian ABN Bulk Extract
19680075522,Lifestyle Nutrition,Individual/Sole Trader,ACT,ACT,VIC,3930,25,Possible,nutrition (+25),,Australian ABN Bulk Extract
19696581281,ANZEN NUTRITION GROUP PTY LTD,Australian Private Company,ACT,NON,NSW,2028,25,Possible,nutrition (+25),,Australian ABN Bulk Extract
19718105448,MIN-JO Asian Grocery,Individual/Sole Trader,ACT,CAN,QLD,4802,40,Good potential,grocery (+20); grocer (+20),,Australian ABN Bulk Extract
19730219036,Glanbia Nutritionals Singapore Pte Ltd,Other Incorporated Entity,ACT,NON,NSW,2000,25,Possible,nutrition (+25),,Australian ABN Bulk Extract
19851368678,Ryder Nutrition,Individual/Sole Trader,ACT,NON,WA,6108,25,Possible,nutrition (+25),,Australian ABN Bulk Extract
19919373746,LUNAR NUTRITION,Individual/Sole Trader,ACT,NON,QLD,4573,25,Possible,nutrition (+25),,Australian ABN Bulk Extract
19932953995,SHINGAL GROCERY,Individual/Sole Trader,ACT,ACT,NSW,2450,40,Good potential,grocery (+20); grocer (+20),,Australian ABN Bulk Extract
19969745044,SKYE ROXBURGH NUTRITION & EDUCATION SERVICES,Individual/Sole Trader,ACT,ACT,NSW,2069,25,Possible,nutrition (+25),,Australian ABN Bulk Extract
20084896873,DKSH GROCERY CONNECT PTY LTD,Australian Private Company,ACT,ACT,,2000,40,Good potential,grocery (+20); grocer (+20),,Australian ABN Bulk Extract
20101434481,anita grocery store,Individual/Sole Trader,ACT,NON,NSW,2800,40,Good potential,grocery (+20); grocer (+20),,Australian ABN Bulk Extract
20165463810,STAR ANISE ORGANIC WHOLEFOODS (AUST) PTY LTD,Australian Private Company,ACT,ACT,NSW,2024,25,Possible,organic (+15); food (+10),,Australian ABN Bulk Extract
20172386782,PITSTOP NUTRITION,Individual/Sole Trader,ACT,ACT,NSW,2196,25,Possible,nutrition (+25),,Australian ABN Bulk Extract
20187986637,PLANTIFUL NUTRITION,Individual/Sole Trader,ACT,ACT,QLD,4122,25,Possible,nutrition (+25),,Australian ABN Bulk Extract
20387785093,HART NUTRITION,Individual/Sole Trader,ACT,ACT,QLD,4221,25,Possible,nutrition (+25),,Australian ABN Bulk Extract
20399711328,BOJKO NUTRITION,Individual/Sole Trader,ACT,NON,NSW,2093,25,Possible,nutrition (+25),,Australian ABN Bulk Extract
20412584689,Balanced Days Nutrition,Individual/Sole Trader,ACT,NON,NSW,2778,25,Possible,nutrition (+25),,Australian ABN Bulk Extract
20417209563,The Trustee for WELL TECH NUTRITION TRUST,Discretionary Trading Trust,ACT,ACT,VIC,3049,25,Possible,nutrition (+25),,Australian ABN Bulk Extract
20459816195,JANET MURTON NUTRITIONIST,Individual/Sole Trader,ACT,NON,NSW,2073,25,Possible,nutrition (+25),,Australian ABN Bulk Extract
20474553422,Refined Nutrition & Supplements,Individual/Sole Trader,ACT,ACT,QLD,4500,50,Good potential,supplement (+25); nutrition (+25),,Australian ABN Bulk Extract
20504804470,Chatham Hub Cafe and pinoy grocery,Individual/Sole Trader,ACT,CAN,NSW,2430,40,Good potential,grocery (+20); grocer (+20),,Australian ABN Bulk Extract
20515146744,WELL BALANCED HEALTH AND NUTRITION,Individual/Sole Trader,ACT,NON,QLD,4573,25,Possible,nutrition (+25),,Australian ABN Bulk Extract
20526185241,Tel Banat Deli Grocery and Take Away,Individual/Sole Trader,ACT,ACT,QLD,4350,40,Good potential,grocery (+20); grocer (+20),,Australian ABN Bulk Extract
20542876112,KANGLE NUTRITION,Individual/Sole Trader,ACT,CAN,NSW,2216,25,Possible,nutrition (+25),,Australian ABN Bulk Extract
20554691047,PR NUTRITION,Individual/Sole Trader,ACT,NON,WA,6152,25,Possible,nutrition (+25),,Australian ABN Bulk Extract
20604233061,BETTER BASED NUTRITION PTY LTD,Australian Private Company,ACT,CAN,QLD,4307,25,Possible,nutrition (+25),,Australian ABN Bulk Extract
20608394501,NUTRITIONAL PSYCHOLOGY PTY. LTD.,Australian Private Company,ACT,ACT,VIC,3058,25,Possible,nutrition (+25),,Australian ABN Bulk Extract
20610000676,THE GROCERY GEEK PTY LTD,Australian Private Company,ACT,NON,ACT,2614,40,Good potential,grocery (+20); grocer (+20),,Australian ABN Bulk Extract
20612908620,ANGKOR ASIAN GROCERY PTY. LTD.,Australian Private Company,ACT,ACT,SA,5108,40,Good potential,grocery (+20); grocer (+20),,Australian ABN Bulk Extract
20623841578,MARINO NUTRITION AND DIETETICS ENTERPRISES,Individual/Sole Trader,ACT,NON,VIC,3186,25,Possible,nutrition (+25),,Australian ABN Bulk Extract
20626511760,DNA NUTRITION GROUP PTY LTD,Australian Private Company,ACT,NON,NSW,2487,25,Possible,nutrition (+25),,Australian ABN Bulk Extract
20626527760,Bite into Life Nutrition,Individual/Sole Trader,ACT,NON,NSW,2320,25,Possible,nutrition (+25),,Australian ABN Bulk Extract
20628523875,HIGH COUNTRY LIVESTOCK SUPPLEMENTS PTY LTD,Australian Private Company,ACT,ACT,QLD,4312,25,Possible,supplement (+25),,Australian ABN Bulk Extract
20642527080,MEG TOVEY STRENGTH & NUTRITION PTY LTD,Australian Private Company,ACT,ACT,QLD,4217,25,Possible,nutrition (+25),,Australian ABN Bulk Extract
20644041396,INGRAINED NUTRITION PTY LTD,Australian Private Company,ACT,ACT,NSW,2650,25,Possible,nutrition (+25),,Australian ABN Bulk Extract
20645712821,AUSTRALIAN SPORTS NUTRITION HASTINGS PTY LTD,Australian Private Company,ACT,ACT,NSW,2444,25,Possible,nutrition (+25),,Australian ABN Bulk Extract
20648360338,PUNJ-AAB FOODS & GROCERY PTY LTD,Australian Private Company,ACT,ACT,VIC,3809,50,Good potential,grocery (+20); grocer (+20); food (+10),,Australian ABN Bulk Extract
20651071386,AUSTRALIAN SPORTS NUTRITION HUNTER VALLEY PTY LTD,Australian Private Company,ACT,ACT,NSW,2330,25,Possible,nutrition (+25),,Australian ABN Bulk Extract
20654942571,CONCEIVE BELIEVE ACHIEVE PERSONAL TRAINING AND NUTRITION FOR LIFE,Individual/Sole Trader,ACT,CAN,WA,6065,25,Possible,nutrition (+25),,Australian ABN Bulk Extract
20656797881,Paragon Supplements,Individual/Sole Trader,ACT,ACT,NSW,2127,25,Possible,supplement (+25),,Australian ABN Bulk Extract
20659809337,OZ FRUIT GROCERY PTY LTD,Australian Private Company,ACT,ACT,NSW,2160,40,Good potential,grocery (+20); grocer (+20),,Australian ABN Bulk Extract
20659966051,KNOCKOUT NUTRITION NEPEAN PTY LTD,Australian Private Company,ACT,ACT,NSW,2750,25,Possible,nutrition (+25),,Australian ABN Bulk Extract
20663348141,NURCHY SUPERFOOD CO PTY LTD,Australian Private Company,ACT,NON,VIC,3218,45,Good potential,superfood (+45),,Australian ABN Bulk Extract
20671935593,RYPE NUTRITION,Individual/Sole Trader,ACT,NON,NSW,2251,25,Possible,nutrition (+25),,Australian ABN Bulk Extract
20678178517,NATIONAL GROCERY AUS PTY LTD,Australian Private Company,ACT,ACT,NSW,2148,40,Good potential,grocery (+20); grocer (+20),,Australian ABN Bulk Extract
20678832187,LCY GROCERY PTY. LTD.,Australian Private Company,ACT,NON,VIC,3500,40,Good potential,grocery (+20); grocer (+20),,Australian ABN Bulk Extract
20689688202,HIGHLAND PET NUTRITION PTY LTD,Australian Private Company,ACT,NON,NSW,2573,25,Possible,nutrition (+25),,Australian ABN Bulk Extract
20690680856,ROAM NUTRITION PTY LTD,Australian Private Company,ACT,ACT,QLD,4413,25,Possible,nutrition (+25),,Australian ABN Bulk Extract
20727084481,North Nutrition WA,Individual/Sole Trader,ACT,ACT,WA,6112,25,Possible,nutrition (+25),,Australian ABN Bulk Extract
20749686705,Grass Roots Nutrition and News,Individual/Sole Trader,ACT,NON,QLD,4012,25,Possible,nutrition (+25),,Australian ABN Bulk Extract
20759949902,VERDANT NUTRITION,Individual/Sole Trader,ACT,CAN,NSW,2042,25,Possible,nutrition (+25),,Australian ABN Bulk Extract
20763278839,NUTRITIONWISE,Individual/Sole Trader,ACT,NON,NSW,2071,25,Possible,nutrition (+25),,Australian ABN Bulk Extract
20789398181,Designer Nutrition Australia,Individual/Sole Trader,ACT,CAN,VIC,3040,25,Possible,nutrition (+25),,Australian ABN Bulk Extract
20849741200,Purpose Nutrition & Dietetics,Individual/Sole Trader,ACT,ACT,SA,5039,25,Possible,nutrition (+25),,Australian ABN Bulk Extract
20850977923,Spectrum Nutrition and Dietetics,Individual/Sole Trader,ACT,ACT,QLD,4556,25,Possible,nutrition (+25),,Australian ABN Bulk Extract
20897034815,GROCERY AT HOME,Individual/Sole Trader,ACT,NON,VIC,3046,40,Good potential,grocery (+20); grocer (+20),,Australian ABN Bulk Extract
20906695139,The Trustee for Maxwell's Grocery Trust,Discretionary Trading Trust,ACT,ACT,SA,5173,40,Good potential,grocery (+20); grocer (+20),,Australian ABN Bulk Extract
20907350840,KIND NUTRITION AU,Individual/Sole Trader,ACT,NON,QLD,4133,25,Possible,nutrition (+25),,Australian ABN Bulk Extract
20983051831,NUTRITION SOCIETY OF AUSTRALIA LTD,Australian Public Company,ACT,ACT,VIC,3000,25,Possible,nutrition (+25),,Australian ABN Bulk Extract
21047898551,Daily Supplements,Individual/Sole Trader,ACT,NON,VIC,3188,25,Possible,supplement (+25),,Australian ABN Bulk Extract
21124406944,Advanced Nutrition Group Pty Ltd,Australian Private Company,ACT,ACT,VIC,3000,25,Possible,nutrition (+25),,Australian ABN Bulk Extract
21145678905,Louise Ellen Nutrition,Individual/Sole Trader,ACT,NON,NT,0830,25,Possible,nutrition (+25),,Australian ABN Bulk Extract
21165908574,TRI SUPPLEMENTS PTY LTD,Australian Private Company,ACT,CAN,NSW,2151,25,Possible,supplement (+25),,Australian ABN Bulk Extract
21166477081,SHOP N SPREE DISCOUNT HOME AND INTERNATIONAL GROCERY,Individual/Sole Trader,ACT,ACT,VIC,3155,40,Good potential,grocery (+20); grocer (+20),,Australian ABN Bulk Extract
21167434409,Trophe Nutrition,Individual/Sole Trader,ACT,NON,WA,6020,25,Possible,nutrition (+25),,Australian ABN Bulk Extract
21167916127,AUSSIELAND NUTRITION GIFTS SHOP PTY LTD,Australian Private Company,ACT,ACT,NSW,2150,25,Possible,nutrition (+25),,Australian ABN Bulk Extract
21170043883,TINGKO NUTRITION AND PERSONAL TRAINING,Individual/Sole Trader,ACT,NON,NSW,2111,25,Possible,nutrition (+25),,Australian ABN Bulk Extract
21287760110,THE POWER PROJECT SPORTS NUTRITION,Individual/Sole Trader,ACT,ACT,QLD,4064,25,Possible,nutrition (+25),,Australian ABN Bulk Extract
21292107217,The Trustee for The Rebalance Nutritional Medicine Trust,Discretionary Trading Trust,ACT,ACT,WA,6069,25,Possible,nutrition (+25),,Australian ABN Bulk Extract
21365986502,YOUR Nutrition Intuition,Individual/Sole Trader,ACT,NON,VIC,3204,25,Possible,nutrition (+25),,Australian ABN Bulk Extract
21386439315,Nutrition and Wellness Hub,Individual/Sole Trader,ACT,NON,WA,6154,25,Possible,nutrition (+25),,Australian ABN Bulk Extract
21419465191,ANTIQUE NUTRITION,Individual/Sole Trader,ACT,ACT,NSW,2135,25,Possible,nutrition (+25),,Australian ABN Bulk Extract
21439899563,FREAK Supplements,Limited Partnership,ACT,NON,NSW,2211,25,Possible,supplement (+25),,Australian ABN Bulk Extract
21447896051,Anchor Nutrition,Individual/Sole Trader,ACT,NON,QLD,4065,25,Possible,nutrition (+25),,Australian ABN Bulk Extract
21474530822,REBECCA TARVER NUTRITION THERAPIES,Individual/Sole Trader,ACT,ACT,QLD,4802,25,Possible,nutrition (+25),,Australian ABN Bulk Extract
21507863277,Inner Smile Nutrition & Wellbeing,Individual/Sole Trader,ACT,CAN,QLD,4075,25,Possible,nutrition (+25),,Australian ABN Bulk Extract
21517417233,ASIAN FOOD WHOLESALERS (ADELAIDE) PTY LTD & ASIAN GROCERY (ADELAIDE) PTY LTD,Other Partnership,ACT,ACT,SA,5011,115,High potential,food wholesaler (+40); food wholesale (+35); grocery (+20); grocer (+20),,Australian ABN Bulk Extract
21538117992,Nutritioning,Individual/Sole Trader,ACT,NON,QLD,4154,25,Possible,nutrition (+25),,Australian ABN Bulk Extract
21553829492,Phase Supplements,Individual/Sole Trader,ACT,NON,VIC,3810,25,Possible,supplement (+25),,Australian ABN Bulk Extract
21611893764,NUTRITION IQ PTY LTD,Australian Private Company,ACT,ACT,WA,6005,25,Possible,nutrition (+25),,Australian ABN Bulk Extract
21633056979,NUTRITION WITHOUT THE DRAMA,Individual/Sole Trader,ACT,NON,WA,6101,25,Possible,nutrition (+25),,Australian ABN Bulk Extract
21646734241,ANNAPURNA GROCERY PTY LTD,Australian Private Company,ACT,ACT,VIC,3029,40,Good potential,grocery (+20); grocer (+20),,Australian ABN Bulk Extract
21648957340,KEEP TONE SUPERFOODS PTY LTD,Australian Private Company,ACT,ACT,NSW,2099,45,Good potential,superfood (+45),,Australian ABN Bulk Extract
21650173916,THE GOOD NUTRITION COMPANY PTY LTD,Australian Private Company,ACT,ACT,NSW,2040,25,Possible,nutrition (+25),,Australian ABN Bulk Extract
21653667225,GAP NUTRITION & WELLNESS CO.,Individual/Sole Trader,ACT,ACT,WA,6330,25,Possible,nutrition (+25),,Australian ABN Bulk Extract
21670256630,JS NUTRITION PTY LTD,Australian Private Company,ACT,ACT,QLD,4220,25,Possible,nutrition (+25),,Australian ABN Bulk Extract
21678194004,Laligurans Grocery & Spices,Individual/Sole Trader,ACT,ACT,VIC,3058,40,Good potential,grocery (+20); grocer (+20),,Australian ABN Bulk Extract
21678500448,FRESH FINDS GROCERY MARKET PTY LTD,Australian Private Company,ACT,ACT,NSW,2195,40,Good potential,grocery (+20); grocer (+20),,Australian ABN Bulk Extract
21681429845,FRIENDLY INDIAN GROCERY STORE PTY LTD,Australian Private Company,ACT,ACT,VIC,3214,40,Good potential,grocery (+20); grocer (+20),,Australian ABN Bulk Extract
21683885350,SOLI SUPPLEMENTS PTY LTD,Australian Private Company,ACT,ACT,QLD,4220,25,Possible,supplement (+25),,Australian ABN Bulk Extract
21689682676,Shine Nutrition & Co Latrobe,Individual/Sole Trader,ACT,ACT,TAS,7307,25,Possible,nutrition (+25),,Australian ABN Bulk Extract
21690634685,LIME NUTRITION PTY. LTD.,Australian Private Company,ACT,ACT,QLD,4520,25,Possible,nutrition (+25),,Australian ABN Bulk Extract
21692728546,ALUNA NUTRITION PTY LTD,Australian Private Company,ACT,NON,VIC,3201,25,Possible,nutrition (+25),,Australian ABN Bulk Extract
21693815566,A2Z NUTRITION PTY LTD,Australian Private Company,ACT,ACT,VIC,3040,25,Possible,nutrition (+25),,Australian ABN Bulk Extract
21695563109,BE SUPPLEMENTS PTY LTD,Australian Private Company,ACT,ACT,VIC,3165,25,Possible,supplement (+25),,Australian ABN Bulk Extract
21705265337,LAB27 SUPPLEMENTS,Individual/Sole Trader,ACT,ACT,VIC,3186,25,Possible,supplement (+25),,Australian ABN Bulk Extract
21734974825,MSB SUPPLEMENTS,Individual/Sole Trader,ACT,ACT,VIC,3338,25,Possible,supplement (+25),,Australian ABN Bulk Extract
21736127531,Nutrition Biomed,Individual/Sole Trader,ACT,NON,VIC,3206,25,Possible,nutrition (+25),,Australian ABN Bulk Extract
21740366892,GOAN SPICES DISTRIBUTORS AND IMPORTERS,Individual/Sole Trader,ACT,NON,VIC,3143,25,Possible,distributor (+15); importer (+10),,Australian ABN Bulk Extract
21794068505,HOLISTIC NUTRITION AND LIFESTYLE,Individual/Sole Trader,ACT,NON,WA,6155,25,Possible,nutrition (+25),,Australian ABN Bulk Extract
21805449177,ONLY HEALTH FOODS,Individual/Sole Trader,ACT,NON,NSW,2010,40,Good potential,health food (+40),,Australian ABN Bulk Extract
21826522154,Absolute Supplements,Individual/Sole Trader,ACT,NON,QLD,4157,25,Possible,supplement (+25),,Australian ABN Bulk Extract
21855464593,the supplement theory,Individual/Sole Trader,ACT,NON,NSW,2146,25,Possible,supplement (+25),,Australian ABN Bulk Extract
21858069035,Limetree Nutrition,Individual/Sole Trader,ACT,NON,QLD,4165,25,Possible,nutrition (+25),,Australian ABN Bulk Extract
21902824834,RAW NUTRITION BY SOPH,Individual/Sole Trader,ACT,ACT,NSW,2299,25,Possible,nutrition (+25),,Australian ABN Bulk Extract
21925503506,Hearty Nutrition,Individual/Sole Trader,ACT,ACT,VIC,3183,25,Possible,nutrition (+25),,Australian ABN Bulk Extract
21958647680,Wholesome Nutrition with Katie,Individual/Sole Trader,ACT,NON,VIC,3677,25,Possible,nutrition (+25),,Australian ABN Bulk Extract
21971469067,Active Performance Nutrition,Individual/Sole Trader,ACT,ACT,NSW,2550,25,Possible,nutrition (+25),,Australian ABN Bulk Extract
22007024535,HENDERSONS HEALTH FOODS PTY LTD,Australian Private Company,ACT,ACT,VIC,3012,40,Good potential,health food (+40),,Australian ABN Bulk Extract
22026896422,INDIA CHILD NUTRITION PROGRAMME,Other Unincorporated Entity,ACT,NON,VIC,3114,25,Possible,nutrition (+25),,Australian ABN Bulk Extract
22060300665,NUTRA HEALTH FOODS PTY. LIMITED,Australian Private Company,ACT,CAN,NSW,2204,40,Good potential,health food (+40),,Australian ABN Bulk Extract
22117442510,GRAINS & LEGUMES NUTRITION COUNCIL LIMITED,Australian Public Company,ACT,ACT,WA,6008,25,Possible,nutrition (+25),,Australian ABN Bulk Extract
22135476263,ACTIVE NUTRITION BY HJL,Individual/Sole Trader,ACT,NON,VIC,3178,25,Possible,nutrition (+25),,Australian ABN Bulk Extract
22137027500,ABSOLUTE PET NUTRITION PTY. LTD.,Australian Private Company,ACT,ACT,VIC,3152,25,Possible,nutrition (+25),,Australian ABN Bulk Extract
22142194554,BIO-FORM SPORTS NUTRITION PTY LTD,Australian Private Company,ACT,ACT,NSW,2170,25,Possible,nutrition (+25),,Australian ABN Bulk Extract
22146609065,Ionize Supplements Pty Ltd,Australian Private Company,ACT,ACT,VIC,3175,25,Possible,supplement (+25),,Australian ABN Bulk Extract
22163941008,INMARK GROCERY PTY LTD,Australian Private Company,ACT,ACT,NSW,2074,40,Good potential,grocery (+20); grocer (+20),,Australian ABN Bulk Extract
22343900571,BERIVAN K. NATUROPATHY & NUTRITION,Individual/Sole Trader,ACT,NON,VIC,3058,25,Possible,nutrition (+25),,Australian ABN Bulk Extract
22417718295,THENUTRITIONIST,Individual/Sole Trader,ACT,ACT,VIC,3161,25,Possible,nutrition (+25),,Australian ABN Bulk Extract
22480029478,Next Gen Supplements,Individual/Sole Trader,ACT,NON,WA,6170,25,Possible,supplement (+25),,Australian ABN Bulk Extract
22593193029,VALENTINE NUTRITION,Individual/Sole Trader,ACT,CAN,NSW,2322,25,Possible,nutrition (+25),,Australian ABN Bulk Extract
22623543993,AUSSIE HEALTH FOODS PTY LTD,Australian Private Company,ACT,ACT,NSW,2207,40,Good potential,health food (+40),,Australian ABN Bulk Extract
22637101455,HARMONY NUTRITION,Individual/Sole Trader,ACT,NON,NSW,2232,25,Possible,nutrition (+25),,Australian ABN Bulk Extract
22640006720,PATHIVARA GROCERY STORE PTY LTD,Australian Private Company,ACT,ACT,NSW,2141,40,Good potential,grocery (+20); grocer (+20),,Australian ABN Bulk Extract
22648055706,Active nutrition,Individual/Sole Trader,ACT,NON,QLD,4560,25,Possible,nutrition (+25),,Australian ABN Bulk Extract
22656080009,ABOUT BALANCE NUTRITION PTY LTD,Australian Private Company,ACT,CAN,SA,5034,25,Possible,nutrition (+25),,Australian ABN Bulk Extract
22663847121,TRADESMAN NUTRITION PTY LTD,Australian Private Company,ACT,ACT,QLD,4568,25,Possible,nutrition (+25),,Australian ABN Bulk Extract
22677145765,GOODNESS NUTRITION PTY LTD,Australian Private Company,ACT,NON,SA,5000,25,Possible,nutrition (+25),,Australian ABN Bulk Extract
22684128327,HAMRO GROCERY AND FOOD HUB PTY LTD,Australian Private Company,ACT,ACT,VIC,3356,50,Good potential,grocery (+20); grocer (+20); food (+10),,Australian ABN Bulk Extract
22685654826,GREVILLE ST GROCERY PTY LTD,Australian Private Company,ACT,NON,VIC,3038,40,Good potential,grocery (+20); grocer (+20),,Australian ABN Bulk Extract
22688919137,HUIZ GROCERY PTY LTD,Australian Private Company,ACT,NON,VIC,3008,40,Good potential,grocery (+20); grocer (+20),,Australian ABN Bulk Extract
22740695244,RADIANCE NUTRITION,Individual/Sole Trader,ACT,NON,VIC,3136,25,Possible,nutrition (+25),,Australian ABN Bulk Extract
22750117353,Werribee Karen Grocery Shop,Individual/Sole Trader,ACT,CAN,VIC,3030,40,Good potential,grocery (+20); grocer (+20),,Australian ABN Bulk Extract
22774289643,LJL NUTRITION & DIETETICS,Individual/Sole Trader,ACT,CAN,VIC,3754,25,Possible,nutrition (+25),,Australian ABN Bulk Extract
22794655149,The Nutrition Collective,Individual/Sole Trader,ACT,ACT,VIC,3796,25,Possible,nutrition (+25),,Australian ABN Bulk Extract
22872889221,SEONAID EVERTON NUTRITION,Individual/Sole Trader,ACT,NON,VIC,3732,25,Possible,nutrition (+25),,Australian ABN Bulk Extract
22883287310,BODYROCK NUTRITION,Individual/Sole Trader,ACT,ACT,NSW,2190,25,Possible,nutrition (+25),,Australian ABN Bulk Extract
22889192253,ATHLETIC-TECH NUTRITION,Individual/Sole Trader,ACT,ACT,NSW,2765,25,Possible,nutrition (+25),,Australian ABN Bulk Extract
22924007791,AB PERFORMANCE NUTRITION,Individual/Sole Trader,ACT,ACT,SA,5015,25,Possible,nutrition (+25),,Australian ABN Bulk Extract
22977019796,INHOME NUTRITION,Individual/Sole Trader,ACT,NON,QLD,4280,25,Possible,nutrition (+25),,Australian ABN Bulk Extract
23023197566,BIG PICTURE NUTRITION AND HEALTH,Individual/Sole Trader,ACT,CAN,SA,5451,25,Possible,nutrition (+25),,Australian ABN Bulk Extract
23068732883,AUSTRALIAN FOOD AND GROCERY COUNCIL LIMITED,Australian Public Company,ACT,ACT,ACT,2601,50,Good potential,grocery (+20); grocer (+20); food (+10),,Australian ABN Bulk Extract
23091636869,MAAR NATURAL PRODUCTS PTY. LTD.,Australian Private Company,ACT,CAN,VIC,3067,35,Possible,natural products (+35),,Australian ABN Bulk Extract
23114249828,GABRIEL'S GROCERY,Individual/Sole Trader,ACT,CAN,NSW,2168,40,Good potential,grocery (+20); grocer (+20),,Australian ABN Bulk Extract
23115019479,Your Vitality Vitamins & Supplements Centre Pty Limited,Australian Private Company,ACT,CAN,NSW,2204,25,Possible,supplement (+25),,Australian ABN Bulk Extract
23120911355,NUTRITIONAL INDUSTRIES PTY LTD,Australian Private Company,ACT,ACT,VIC,3032,25,Possible,nutrition (+25),,Australian ABN Bulk Extract
23122050172,CORE BUILD NUTRITION,Individual/Sole Trader,ACT,ACT,VIC,3201,25,Possible,nutrition (+25),,Australian ABN Bulk Extract
23126658451,Elevation Nutrition,Individual/Sole Trader,ACT,ACT,NSW,2257,25,Possible,nutrition (+25),,Australian ABN Bulk Extract
23133091773,EQUILIBRIUM NUTRITION PTY LTD,Australian Private Company,ACT,CAN,VIC,3129,25,Possible,nutrition (+25),,Australian ABN Bulk Extract
23135154406,Infant Nutrition Council Ltd,Australian Public Company,ACT,ACT,ACT,2600,25,Possible,nutrition (+25),,Australian ABN Bulk Extract
23180527134,Be Mindful Nutrition,Individual/Sole Trader,ACT,ACT,WA,6006,25,Possible,nutrition (+25),,Australian ABN Bulk Extract
23223255465,Yang's Health Supplement,Individual/Sole Trader,ACT,NON,SA,5062,25,Possible,supplement (+25),,Australian ABN Bulk Extract
23228898050,FLICK WELLNESS NUTRITION & NATUROPATHICS,Individual/Sole Trader,ACT,NON,VIC,3029,25,Possible,nutrition (+25),,Australian ABN Bulk Extract
23259742882,BREEZE NUTRITION,Individual/Sole Trader,ACT,NON,VIC,3142,25,Possible,nutrition (+25),,Australian ABN Bulk Extract
23295901239,Electric Nutrition,Individual/Sole Trader,ACT,NON,TAS,7216,25,Possible,nutrition (+25),,Australian ABN Bulk Extract
23300331398,MESSIAH SUPPLEMENTS,Individual/Sole Trader,ACT,CAN,WA,6023,25,Possible,supplement (+25),,Australian ABN Bulk Extract
23348338501,CHADWICK NUTRITION,Individual/Sole Trader,ACT,ACT,VIC,3029,25,Possible,nutrition (+25),,Australian ABN Bulk Extract
23610293500,AUSTRALIA NUTRITION SCIENCE PTY LTD,Australian Private Company,ACT,NON,VIC,3168,25,Possible,nutrition (+25),,Australian ABN Bulk Extract
23617898389,HONG PHAT GROCERY PTY LTD,Australian Private Company,ACT,ACT,SA,5108,40,Good potential,grocery (+20); grocer (+20),,Australian ABN Bulk Extract
23618758982,DAFA ASIAN GROCERY PTY LTD,Australian Private Company,ACT,ACT,VIC,3152,40,Good potential,grocery (+20); grocer (+20),,Australian ABN Bulk Extract
23631920511,YUAN WEI HEALTH FOOD (AUSTRALIA) MANUFACTURING PTY LTD,Australian Private Company,ACT,ACT,VIC,3169,40,Good potential,health food (+40),,Australian ABN Bulk Extract
23637981401,EVERYDAY NUTRITION PTY LTD,Australian Private Company,ACT,ACT,VIC,3166,25,Possible,nutrition (+25),,Australian ABN Bulk Extract
23645302521,JUICED UP NUTRITION PTY LTD,Australian Private Company,ACT,ACT,NSW,2207,25,Possible,nutrition (+25),,Australian ABN Bulk Extract
23647072365,Scenic Rim Nutrition and Dietetics,Individual/Sole Trader,ACT,CAN,QLD,4500,25,Possible,nutrition (+25),,Australian ABN Bulk Extract
23654122611,YE GROCERY ENTERPRISES PTY LTD,Australian Private Company,ACT,ACT,VIC,3191,40,Good potential,grocery (+20); grocer (+20),,Australian ABN Bulk Extract
23669402537,TONGALA NUTRITION PTY LTD,Australian Private Company,ACT,ACT,VIC,3621,25,Possible,nutrition (+25),,Australian ABN Bulk Extract
23675240277,The Trustee for Garg Grocery & Cafe Family Trust,Discretionary Trading Trust,ACT,ACT,VIC,3029,40,Good potential,grocery (+20); grocer (+20),,Australian ABN Bulk Extract
23676883346,ASCENT NUTRITION PTY LTD,Australian Private Company,ACT,ACT,QLD,4214,25,Possible,nutrition (+25),,Australian ABN Bulk Extract
23690357674,HAPPY BELLIES NUTRITION PTY LTD,Australian Private Company,ACT,ACT,VIC,3149,25,Possible,nutrition (+25),,Australian ABN Bulk Extract
23692885706,LOGAN HALAL BUTCHERY AND GROCERY PTY LTD,Australian Private Company,ACT,NON,QLD,4132,40,Good potential,grocery (+20); grocer (+20),,Australian ABN Bulk Extract
23695151401,Physical Nutrition,Individual/Sole Trader,ACT,CAN,WA,6151,25,Possible,nutrition (+25),,Australian ABN Bulk Extract
23720450503,Smart Nutrition Health and Lifestyle 4U,Individual/Sole Trader,ACT,ACT,VIC,3042,25,Possible,nutrition (+25),,Australian ABN Bulk Extract
23737670179,"Candice Eleanor, Massage Nutrition & Natural Health",Individual/Sole Trader,ACT,CAN,QLD,4702,25,Possible,nutrition (+25),,Australian ABN Bulk Extract
23827185579,KYAW MAWT ASIAN GROCERY,Individual/Sole Trader,ACT,ACT,VIC,3550,40,Good potential,grocery (+20); grocer (+20),,Australian ABN Bulk Extract
23835231882,The Trustee for North Shore Nutrition Trust,Hybrid Trust,ACT,ACT,NSW,2073,25,Possible,nutrition (+25),,Australian ABN Bulk Extract
23841866970,Neos Food Distributors,Individual/Sole Trader,ACT,ACT,NSW,2200,40,Good potential,food distributor (+40),,Australian ABN Bulk Extract
23849631242,EM NUTRITION,Individual/Sole Trader,ACT,NON,NSW,2680,25,Possible,nutrition (+25),,Australian ABN Bulk Extract
23918987885,sisu nutrition,Individual/Sole Trader,ACT,NON,QLD,4551,25,Possible,nutrition (+25),,Australian ABN Bulk Extract
23930472799,EXCLUSIVE STRENGTH AND NUTRITION COACHING,Individual/Sole Trader,ACT,CAN,TAS,7260,25,Possible,nutrition (+25),,Australian ABN Bulk Extract
23940844391,Tiny Tummies Nutrition,Individual/Sole Trader,ACT,ACT,VIC,3018,25,Possible,nutrition (+25),,Australian ABN Bulk Extract
23944951377,Integrated Nutrition,Individual/Sole Trader,ACT,NON,VIC,3207,25,Possible,nutrition (+25),,Australian ABN Bulk Extract
23952788511,jbn nutrition,Individual/Sole Trader,ACT,NON,VIC,3163,25,Possible,nutrition (+25),,Australian ABN Bulk Extract
23954611330,NUTRITION WITH NORA,Individual/Sole Trader,ACT,NON,QLD,4113,25,Possible,nutrition (+25),,Australian ABN Bulk Extract
23984210544,TOM'S NUTRITION,Individual/Sole Trader,ACT,ACT,VIC,3123,25,Possible,nutrition (+25),,Australian ABN Bulk Extract
24034672166,STH PAW SUPPLEMENTS,Individual/Sole Trader,ACT,CAN,WA,6164,25,Possible,supplement (+25),,Australian ABN Bulk Extract
24146613934,SUPERFOODS PLUS PTY LTD,Australian Private Company,ACT,NON,WA,6156,45,Good potential,superfood (+45),,Australian ABN Bulk Extract
24150890734,QUALITY FOOD IMPORTERS PTY LTD,Australian Private Company,ACT,ACT,WA,6163,45,Good potential,food importer (+35); importer (+10),,Australian ABN Bulk Extract
24163624744,ONE HEALTH FOOD PTY LTD,Australian Private Company,ACT,NON,VIC,3030,40,Good potential,health food (+40),,Australian ABN Bulk Extract
24164204693,EW NUTRITION AUSTRALIA PTY LTD,Australian Private Company,ACT,ACT,NSW,2580,25,Possible,nutrition (+25),,Australian ABN Bulk Extract
24164390130,ROD'S LIVESTOCK NUTRITION PTY LTD,Australian Private Company,ACT,ACT,SA,5552,25,Possible,nutrition (+25),,Australian ABN Bulk Extract
24166184792,WA GROCERY PTY LTD,Australian Private Company,ACT,ACT,WA,6103,40,Good potential,grocery (+20); grocer (+20),,Australian ABN Bulk Extract
24167945306,DAI PHAT ORIENTAL GROCERY PTY LTD,Australian Private Company,ACT,ACT,SA,5063,40,Good potential,grocery (+20); grocer (+20),,Australian ABN Bulk Extract
24194994133,THE TRUSTEE FOR AVYANNA NUTRITION AND WELLBEING TRUST,Discretionary Trading Trust,ACT,CAN,NSW,2060,25,Possible,nutrition (+25),,Australian ABN Bulk Extract
24224952193,STARLING NUTRITION,Individual/Sole Trader,ACT,ACT,QLD,4053,25,Possible,nutrition (+25),,Australian ABN Bulk Extract
24225953963,PWRUp NUTRITION,Individual/Sole Trader,ACT,NON,TAS,7316,25,Possible,nutrition (+25),,Australian ABN Bulk Extract
24243545581,REDEFINING NUTRITION,Individual/Sole Trader,ACT,ACT,NSW,2291,25,Possible,nutrition (+25),,Australian ABN Bulk Extract
24328893035,INDIAN GROCERY WAGGA,Individual/Sole Trader,ACT,ACT,NSW,2650,40,Good potential,grocery (+20); grocer (+20),,Australian ABN Bulk Extract
24369105474,Seeds Nutrition Australia,Individual/Sole Trader,ACT,NON,NSW,2774,25,Possible,nutrition (+25),,Australian ABN Bulk Extract
24384408318,SW Nutrition Consulting,Individual/Sole Trader,ACT,ACT,QLD,4352,25,Possible,nutrition (+25),,Australian ABN Bulk Extract
24400731454,NUTRITION TO A T,Individual/Sole Trader,ACT,NON,QLD,4006,25,Possible,nutrition (+25),,Australian ABN Bulk Extract
24461158318,SIAM ASIAN GROCERY,Individual/Sole Trader,ACT,ACT,QLD,4508,40,Good potential,grocery (+20); grocer (+20),,Australian ABN Bulk Extract
24567397800,Khmer grocery online shop,Individual/Sole Trader,ACT,NON,QLD,4118,40,Good potential,grocery (+20); grocer (+20),,Australian ABN Bulk Extract
24610756133,NURTURE THROUGH NUTRITION,Individual/Sole Trader,ACT,NON,VIC,3150,25,Possible,nutrition (+25),,Australian ABN Bulk Extract
24611131465,OCEANS WHOLESALE DISTRIBUTORS PTY. LTD.,Australian Private Company,ACT,CAN,QLD,4006,30,Possible,wholesale (+15); distributor (+15),,Australian ABN Bulk Extract
24614433484,AUSTRALIAN SPORTS NUTRITION MELBOURNE CBD PTY LTD,Australian Private Company,ACT,ACT,VIC,3000,25,Possible,nutrition (+25),,Australian ABN Bulk Extract
24620213121,AQUACULTURE SUPPLEMENTS PTY LTD,Australian Private Company,ACT,ACT,NSW,2480,25,Possible,supplement (+25),,Australian ABN Bulk Extract
24620492220,HEALTH FOOD GROUP AUSTRALIA PTY LTD,Australian Private Company,ACT,ACT,VIC,3079,40,Good potential,health food (+40),,Australian ABN Bulk Extract
24630268110,MIAO FOOD WHOLESALE PTY LTD,Australian Private Company,ACT,ACT,VIC,3127,35,Possible,food wholesale (+35),,Australian ABN Bulk Extract
24634797354,LEAWAY NUTRITION PTY LTD,Australian Private Company,ACT,NON,QLD,4000,25,Possible,nutrition (+25),,Australian ABN Bulk Extract
24642186606,PERSIAN GROCERY,Individual/Sole Trader,ACT,ACT,SA,5010,40,Good potential,grocery (+20); grocer (+20),,Australian ABN Bulk Extract
24646572038,Blitz Supplements Australia,Individual/Sole Trader,ACT,NON,NSW,2470,25,Possible,supplement (+25),,Australian ABN Bulk Extract
24667634317,EAST WEST GROCERY PTY LTD,Australian Private Company,ACT,ACT,VIC,3008,40,Good potential,grocery (+20); grocer (+20),,Australian ABN Bulk Extract
24675355610,ALIGNED SUPPLEMENTS PTY LTD,Australian Private Company,ACT,CAN,WA,6025,25,Possible,supplement (+25),,Australian ABN Bulk Extract
24678224969,LYFESTYLE SUPPLEMENTS,Individual/Sole Trader,ACT,ACT,VIC,3184,25,Possible,supplement (+25),,Australian ABN Bulk Extract
24693973983,VAULT NUTRITION PTY LTD,Australian Private Company,ACT,ACT,QLD,4701,25,Possible,nutrition (+25),,Australian ABN Bulk Extract
24699794217,BIDI SUPPLEMENTS PTY LTD,Australian Private Company,ACT,ACT,NSW,2197,25,Possible,supplement (+25),,Australian ABN Bulk Extract
24722773841,Simple Supplements,Individual/Sole Trader,ACT,CAN,QLD,4870,25,Possible,supplement (+25),,Australian ABN Bulk Extract
24783923922,AUSBODY BUILDING SUPPLEMENTS,Individual/Sole Trader,ACT,ACT,VIC,3071,25,Possible,supplement (+25),,Australian ABN Bulk Extract
24809637523,BEACHSIDE BLENDS NUTRITION CLUB,Individual/Sole Trader,ACT,ACT,SA,5020,25,Possible,nutrition (+25),,Australian ABN Bulk Extract
24820026183,LITTLE LEAF NUTRITION,Individual/Sole Trader,ACT,NON,WA,6154,25,Possible,nutrition (+25),,Australian ABN Bulk Extract
24830756787,CAYA NUTRITION,Individual/Sole Trader,ACT,NON,NSW,2088,25,Possible,nutrition (+25),,Australian ABN Bulk Extract
24947022665,LAVISH NUTRITION STUDIO,Individual/Sole Trader,ACT,ACT,NSW,2795,25,Possible,nutrition (+25),,Australian ABN Bulk Extract
24964661571,CHANDIGARH GROCERY STORE,Individual/Sole Trader,ACT,ACT,VIC,3027,40,Good potential,grocery (+20); grocer (+20),,Australian ABN Bulk Extract
24971026885,WHOLELIFE NUTRITION & DIETETICS,Individual/Sole Trader,ACT,CAN,WA,6010,25,Possible,nutrition (+25),,Australian ABN Bulk Extract
25078809870,Asian Grocery Online,Individual/Sole Trader,ACT,NON,ACT,2617,40,Good potential,grocery (+20); grocer (+20),,Australian ABN Bulk Extract
25167946563,WAHA IMPORTERS & WHOLESALERS PTY LTD,Australian Private Company,ACT,ACT,VIC,3175,25,Possible,wholesale (+15); importer (+10),,Australian ABN Bulk Extract
25183137125,SYNDICATE NUTRITION,Individual/Sole Trader,ACT,NON,WA,6100,25,Possible,nutrition (+25),,Australian ABN Bulk Extract
25197520867,DNA SPORTS NUTRITION,Individual/Sole Trader,ACT,NON,QLD,4213,25,Possible,nutrition (+25),,Australian ABN Bulk Extract
25205165889,The Trustee for PLATEAU FOOD DISTRIBUTORS UNIT TRUST,Fixed Unit Trust,ACT,ACT,NSW,2128,40,Good potential,food distributor (+40),,Australian ABN Bulk Extract
25268814038,Adapt nutrition,Individual/Sole Trader,ACT,NON,NSW,2515,25,Possible,nutrition (+25),,Australian ABN Bulk Extract
25272332705,DAISY BROOKS SPORTS NUTRITION,Individual/Sole Trader,ACT,NON,WA,6230,25,Possible,nutrition (+25),,Australian ABN Bulk Extract
25279064232,ISABELLA MAIMONE NUTRITION,Individual/Sole Trader,ACT,CAN,QLD,4121,25,Possible,nutrition (+25),,Australian ABN Bulk Extract
25288219159,NUTRITION SENSE DIETITIANS,Individual/Sole Trader,ACT,ACT,QLD,4070,25,Possible,nutrition (+25),,Australian ABN Bulk Extract
25328682402,Chokhlei Asian Grocery,Individual/Sole Trader,ACT,ACT,VIC,3137,40,Good potential,grocery (+20); grocer (+20),,Australian ABN Bulk Extract
25330330514,SUL NUTRITION,Individual/Sole Trader,ACT,NON,VIC,3128,25,Possible,nutrition (+25),,Australian ABN Bulk Extract
25332305710,NESH NUTRITION EXERCISE SPORT HEALTH,Individual/Sole Trader,ACT,CAN,NSW,2119,25,Possible,nutrition (+25),,Australian ABN Bulk Extract
25350600677,WELLBEING NUTRITION AND DIETETICS,Individual/Sole Trader,ACT,NON,VIC,3228,25,Possible,nutrition (+25),,Australian ABN Bulk Extract
25502634772,AITU FOOD WHOLESALER,Individual/Sole Trader,ACT,ACT,NSW,2161,75,High potential,food wholesaler (+40); food wholesale (+35),,Australian ABN Bulk Extract
25519493934,WOMB NUTRITION,Individual/Sole Trader,ACT,NON,VIC,3216,25,Possible,nutrition (+25),,Australian ABN Bulk Extract
25600114654,SOUTH PACIFIC FOODS DISTRIBUTORS (QLD) PTY LTD,Australian Private Company,ACT,ACT,NSW,2566,25,Possible,distributor (+15); food (+10),,Australian ABN Bulk Extract
25616734779,NUTRITIONAL THERAPY ASSOCIATION - AUSTRALIA PTY LTD,Australian Private Company,ACT,ACT,QLD,4817,25,Possible,nutrition (+25),,Australian ABN Bulk Extract
25617880827,MAMI NUTRITION,Individual/Sole Trader,ACT,NON,SA,5167,25,Possible,nutrition (+25),,Australian ABN Bulk Extract
25620805316,QLD WHOLESALE FOODS PTY LTD,Australian Private Company,ACT,ACT,QLD,4127,25,Possible,wholesale (+15); food (+10),,Australian ABN Bulk Extract
25640101999,EGGPLANT & BROCCOLI NUTRITION PTY LTD,Australian Private Company,ACT,ACT,QLD,4013,25,Possible,nutrition (+25),,Australian ABN Bulk Extract
25645956734,KABUL GROCERY PTY LTD,Australian Private Company,ACT,ACT,SA,5095,40,Good potential,grocery (+20); grocer (+20),,Australian ABN Bulk Extract
25654952146,B VITAL SUPPLEMENTS PTY LTD,Australian Private Company,ACT,NON,VIC,3977,25,Possible,supplement (+25),,Australian ABN Bulk Extract
25656733336,EMILY HARTLEY NUTRITION PTY LTD,Australian Private Company,ACT,ACT,SA,5061,25,Possible,nutrition (+25),,Australian ABN Bulk Extract
25657832873,KRAVE - FAST NUTRITION,Individual/Sole Trader,ACT,ACT,SA,5372,25,Possible,nutrition (+25),,Australian ABN Bulk Extract
25658363056,INDEX NUTRITION PTY LTD,Australian Private Company,ACT,ACT,NSW,2122,25,Possible,nutrition (+25),,Australian ABN Bulk Extract
25659482050,DONG THANH GROCERY PTY LTD,Australian Private Company,ACT,ACT,NSW,2166,40,Good potential,grocery (+20); grocer (+20),,Australian ABN Bulk Extract
25661750465,NUTRITION FOODITION PTY LTD,Australian Private Company,ACT,ACT,QLD,4169,35,Possible,nutrition (+25); food (+10),,Australian ABN Bulk Extract
25662532989,VINCENT FOOD DISTRIBUTORS PTY LTD,Australian Private Company,ACT,ACT,VIC,3000,40,Good potential,food distributor (+40),,Australian ABN Bulk Extract
25669586065,COOEE NATIVE SUPERFOODS PTY LTD,Australian Private Company,ACT,ACT,NSW,2264,45,Good potential,superfood (+45),,Australian ABN Bulk Extract
25672304317,FUSION PET SUPERFOODS PTY LTD,Australian Private Company,ACT,ACT,VIC,3144,45,Good potential,superfood (+45),,Australian ABN Bulk Extract
25682252311,JAMES GROCERY PTY LTD,Australian Private Company,ACT,ACT,VIC,3000,40,Good potential,grocery (+20); grocer (+20),,Australian ABN Bulk Extract
25685157046,WILD SUPERFOODS GROUP PTY LTD,Australian Private Company,ACT,NON,NSW,2000,45,Good potential,superfood (+45),,Australian ABN Bulk Extract
25698435899,AAMA ASIAN GROCERY GLENORCHY PTY LTD,Australian Private Company,ACT,ACT,TAS,7018,40,Good potential,grocery (+20); grocer (+20),,Australian ABN Bulk Extract
25719448072,KAREN KINGHAM DIETITIAN/NUTRITIONIST,Individual/Sole Trader,ACT,CAN,NSW,2093,25,Possible,nutrition (+25),,Australian ABN Bulk Extract
25745009026,ASIAN GROCERY (ADELAIDE) PTY LTD & H CHAO,Other Partnership,ACT,ACT,SA,5011,40,Good potential,grocery (+20); grocer (+20),,Australian ABN Bulk Extract
25752191776,The trustee for the Ultimate Performance Supplements Unit Trust,Fixed Unit Trust,ACT,ACT,VIC,3026,25,Possible,supplement (+25),,Australian ABN Bulk Extract
25753687495,RACQUEL GRANT STRENGTH AND NUTRITION,Individual/Sole Trader,ACT,NON,QLD,4575,25,Possible,nutrition (+25),,Australian ABN Bulk Extract
25807259880,KKJ GROCERY,Individual/Sole Trader,ACT,ACT,VIC,3136,40,Good potential,grocery (+20); grocer (+20),,Australian ABN Bulk Extract
25824959476,REBECCA GAWTHORNE - DIETITIAN & NUTRITIONIST,Individual/Sole Trader,ACT,ACT,NSW,2230,25,Possible,nutrition (+25),,Australian ABN Bulk Extract
25846826221,SOMA Nutrition,Individual/Sole Trader,ACT,NON,VIC,3215,25,Possible,nutrition (+25),,Australian ABN Bulk Extract
25868654289,ProNutritionAU,Individual/Sole Trader,ACT,NON,QLD,4217,25,Possible,nutrition (+25),,Australian ABN Bulk Extract
25880334149,PEARL NUTRITION,Individual/Sole Trader,ACT,ACT,SA,5041,25,Possible,nutrition (+25),,Australian ABN Bulk Extract
25902588942,AGAPE GROCERY,Individual/Sole Trader,ACT,ACT,VIC,3029,40,Good potential,grocery (+20); grocer (+20),,Australian ABN Bulk Extract
25919543922,KB Nutrition,Individual/Sole Trader,ACT,CAN,NSW,2111,25,Possible,nutrition (+25),,Australian ABN Bulk Extract
25954145621,Last Frontier Nutrition,Individual/Sole Trader,ACT,NON,VIC,3032,25,Possible,nutrition (+25),,Australian ABN Bulk Extract
25958342323,Synergy Supplements,Individual/Sole Trader,ACT,CAN,SA,5019,25,Possible,supplement (+25),,Australian ABN Bulk Extract
26090040654,ORGANIC & QUALITY FOODS PTY. LTD.,Australian Private Company,ACT,ACT,QLD,4118,25,Possible,organic (+15); food (+10),,Australian ABN Bulk Extract
26098233400,AUSTRALIAN NUTRITIONAL SUPPLIES PTY LTD,Australian Private Company,ACT,CAN,NSW,2077,25,Possible,nutrition (+25),,Australian ABN Bulk Extract
26100896722,INTERNATIONAL GROCERY MANUFACTURER PTY LTD,Australian Private Company,ACT,ACT,VIC,3004,40,Good potential,grocery (+20); grocer (+20),,Australian ABN Bulk Extract
26106007363,DAIRY NUTRITIONALS PTY LTD,Australian Private Company,ACT,CAN,VIC,3175,25,Possible,nutrition (+25),,Australian ABN Bulk Extract
26108796738,Probiotec Nutritionals Pty Limited,Australian Private Company,ACT,ACT,VIC,3026,25,Possible,nutrition (+25),,Australian ABN Bulk Extract
26117349069,VET PRO NUTRITION PTY. LTD.,Australian Private Company,ACT,ACT,QLD,4209,25,Possible,nutrition (+25),,Australian ABN Bulk Extract
26138351943,FOODIES ORGANIC SUPPLIES PTY LTD,Australian Private Company,ACT,ACT,NSW,2210,25,Possible,organic (+15); food (+10),,Australian ABN Bulk Extract
26140995216,WELLMIND NUTRITION SERVICES,Individual/Sole Trader,ACT,NON,NSW,2287,25,Possible,nutrition (+25),,Australian ABN Bulk Extract
26141559159,Supplements Pty Ltd,Australian Private Company,ACT,NON,VIC,3019,25,Possible,supplement (+25),,Australian ABN Bulk Extract
26181401008,NUTRITIONAL BITES,Individual/Sole Trader,ACT,NON,VIC,3752,25,Possible,nutrition (+25),,Australian ABN Bulk Extract
26184724341,LINDSEY JESSICA NUTRITION,Individual/Sole Trader,ACT,ACT,VIC,3191,25,Possible,nutrition (+25),,Australian ABN Bulk Extract
26186478066,Rebecca Campanella Nutrition,Individual/Sole Trader,ACT,ACT,NSW,2085,25,Possible,nutrition (+25),,Australian ABN Bulk Extract
26233607414,Gentle Steps Nutrition,Individual/Sole Trader,ACT,NON,VIC,3039,25,Possible,nutrition (+25),,Australian ABN Bulk Extract
26253624582,Evolvher Nutrition & Training,Individual/Sole Trader,ACT,NON,NSW,2756,25,Possible,nutrition (+25),,Australian ABN Bulk Extract
26291432191,BASE Training & Nutrition,Individual/Sole Trader,ACT,ACT,QLD,4034,25,Possible,nutrition (+25),,Australian ABN Bulk Extract
26292381603,SIMPLE NUTRITION,Individual/Sole Trader,ACT,ACT,NSW,2132,25,Possible,nutrition (+25),,Australian ABN Bulk Extract
26335743770,NUTRITION TALKS,Individual/Sole Trader,ACT,NON,WA,6022,25,Possible,nutrition (+25),,Australian ABN Bulk Extract
26360987576,Monique Louise Nutrition,Individual/Sole Trader,ACT,NON,QLD,4500,25,Possible,nutrition (+25),,Australian ABN Bulk Extract
26416049945,GORILLA SUPPLEMENTS,Individual/Sole Trader,ACT,ACT,NSW,2015,25,Possible,supplement (+25),,Australian ABN Bulk Extract
26435124123,VITAL MIND SUPPLEMENTS,Individual/Sole Trader,ACT,NON,,0000,25,Possible,supplement (+25),,Australian ABN Bulk Extract
26482096994,BITE 'N CHEW NURTURING HEALTHY NUTRITION,Individual/Sole Trader,ACT,NON,NSW,2134,25,Possible,nutrition (+25),,Australian ABN Bulk Extract
26522069792,Precision Training & Nutrition,Individual/Sole Trader,ACT,CAN,NSW,2015,25,Possible,nutrition (+25),,Australian ABN Bulk Extract
26523946023,Inner Health Nutrition,Individual/Sole Trader,ACT,ACT,QLD,4065,25,Possible,nutrition (+25),,Australian ABN Bulk Extract
26533582819,Conceive To Cradle Nutrition,Individual/Sole Trader,ACT,NON,NSW,2710,25,Possible,nutrition (+25),,Australian ABN Bulk Extract
26576287224,apex nutrition,Individual/Sole Trader,ACT,NON,NSW,2161,25,Possible,nutrition (+25),,Australian ABN Bulk Extract
26583917505,She Nutrition,Individual/Sole Trader,ACT,NON,WA,6157,25,Possible,nutrition (+25),,Australian ABN Bulk Extract
26608529009,ABC of Nutrition,Individual/Sole Trader,ACT,NON,VIC,3070,25,Possible,nutrition (+25),,Australian ABN Bulk Extract
26615997489,BODYWELL NUTRITION,Individual/Sole Trader,ACT,NON,SA,5031,25,Possible,nutrition (+25),,Australian ABN Bulk Extract
26637737857,FRENCH TOUCH NUTRITION,Individual/Sole Trader,ACT,NON,WA,6026,25,Possible,nutrition (+25),,Australian ABN Bulk Extract
26647349933,SANTOSH INDIAN GROCERY PTY LTD,Australian Private Company,ACT,ACT,QLD,4211,40,Good potential,grocery (+20); grocer (+20),,Australian ABN Bulk Extract
26661074924,SUPERVITA NUTRITION PTY LTD,Australian Private Company,ACT,ACT,QLD,4110,25,Possible,nutrition (+25),,Australian ABN Bulk Extract
26670671879,EUPHORIA NUTRITION PTY LTD,Australian Private Company,ACT,CAN,QLD,4500,25,Possible,nutrition (+25),,Australian ABN Bulk Extract
26670808769,ELITE BODY SUPPLEMENTS PTY LTD,Australian Private Company,ACT,ACT,NSW,2137,25,Possible,supplement (+25),,Australian ABN Bulk Extract
26680332674,QUEEN ST GROCERY PTY LTD,Australian Private Company,ACT,ACT,QLD,4000,40,Good potential,grocery (+20); grocer (+20),,Australian ABN Bulk Extract
26684766274,PRECISION SUPPLEMENTS PTY LTD,Australian Private Company,ACT,ACT,NSW,2264,25,Possible,supplement (+25),,Australian ABN Bulk Extract
26697224517,Health Victory Nutrition Experts,Individual/Sole Trader,ACT,ACT,NSW,2155,25,Possible,nutrition (+25),,Australian ABN Bulk Extract
26734948242,MARINA VUCKOV HOLISTIC NUTRITION,Individual/Sole Trader,ACT,NON,SA,5083,25,Possible,nutrition (+25),,Australian ABN Bulk Extract
26760164767,Hemp Health & Nutrition,Individual/Sole Trader,ACT,NON,SA,5202,25,Possible,nutrition (+25),,Australian ABN Bulk Extract
26816106980,JOURNEY TO NUTRITION,Individual/Sole Trader,ACT,NON,WA,6065,25,Possible,nutrition (+25),,Australian ABN Bulk Extract
26849942911,FOR GOODNESS SHAKE NUTRITION,Individual/Sole Trader,ACT,NON,VIC,3338,25,Possible,nutrition (+25),,Australian ABN Bulk Extract
26910972701,AUSTRALASIAN SOCIETY OF PARENTERAL AND ENTERAL NUTRITION INCORPORATED,Other Incorporated Entity,ACT,ACT,VIC,3931,25,Possible,nutrition (+25),,Australian ABN Bulk Extract
26956066303,The Gut Health Nutritionist,Individual/Sole Trader,ACT,NON,QLD,4305,25,Possible,nutrition (+25),,Australian ABN Bulk Extract
26964115488,TAYLOR-MADE NUTRITION SERVICES,Individual/Sole Trader,ACT,CAN,WA,6024,25,Possible,nutrition (+25),,Australian ABN Bulk Extract
26965641955,SIMPLY SAM NUTRITION,Individual/Sole Trader,ACT,ACT,NSW,2155,25,Possible,nutrition (+25),,Australian ABN Bulk Extract
27002664397,YUM YUM NUTRITIONAL & DIETARY CONSULTANTS PTY LIMITED,Australian Private Company,ACT,ACT,NSW,2025,25,Possible,nutrition (+25),,Australian ABN Bulk Extract
27007427581,GROCERY HOLDINGS PTY LTD,Australian Private Company,ACT,ACT,VIC,3123,40,Good potential,grocery (+20); grocer (+20),,Australian ABN Bulk Extract
27009516409,Smart Nutrition hub,Individual/Sole Trader,ACT,ACT,NSW,2216,25,Possible,nutrition (+25),,Australian ABN Bulk Extract
27086854027,J BYRNE NUTRITION,Individual/Sole Trader,ACT,NON,QLD,4030,25,Possible,nutrition (+25),,Australian ABN Bulk Extract
27091811416,Beyond Fit Nutritional Therapy,Individual/Sole Trader,ACT,ACT,QLD,4352,25,Possible,nutrition (+25),,Australian ABN Bulk Extract
27132624551,ESTHER'S NUTRITIONAL CONSULTANCY,Individual/Sole Trader,ACT,ACT,VIC,3165,25,Possible,nutrition (+25),,Australian ABN Bulk Extract
27152910850,COBURG HEALTH FOODS,Individual/Sole Trader,ACT,ACT,VIC,3058,40,Good potential,health food (+40),,Australian ABN Bulk Extract
27160703444,SCIENCE NUTRITION AUSTRALIA PTY LIMITED,Australian Private Company,ACT,ACT,NSW,2289,25,Possible,nutrition (+25),,Australian ABN Bulk Extract
27161773913,A2 INFANT NUTRITION AUSTRALIA PTY LTD,Australian Private Company,ACT,ACT,NSW,2060,25,Possible,nutrition (+25),,Australian ABN Bulk Extract
27193899889,JOSEPHINE RAND NUTRITION,Individual/Sole Trader,ACT,CAN,NSW,2099,25,Possible,nutrition (+25),,Australian ABN Bulk Extract
27196914926,The Trustee for HNS Healthy Nutrition Solutions Trust,Discretionary Trading Trust,ACT,CAN,SA,5022,25,Possible,nutrition (+25),,Australian ABN Bulk Extract
27204385205,Naturelo Premium Supplements Inc,Other Incorporated Entity,ACT,NON,VIC,3175,25,Possible,supplement (+25),,Australian ABN Bulk Extract
27240557661,big momma supplements,Individual/Sole Trader,ACT,NON,NSW,2444,25,Possible,supplement (+25),,Australian ABN Bulk Extract
27285279851,GLORY STAR ASIAN GROCERY,Individual/Sole Trader,ACT,ACT,VIC,3024,40,Good potential,grocery (+20); grocer (+20),,Australian ABN Bulk Extract
27331979742,DIET AND NUTRITION SERVICES,Individual/Sole Trader,ACT,ACT,NSW,2525,25,Possible,nutrition (+25),,Australian ABN Bulk Extract
27481200934,Limitless Nutrition,Individual/Sole Trader,ACT,ACT,NSW,2325,25,Possible,nutrition (+25),,Australian ABN Bulk Extract
27485061853,Annie Asian Grocery and Food Shop,Individual/Sole Trader,ACT,NON,NSW,2285,50,Good potential,grocery (+20); grocer (+20); food (+10),,Australian ABN Bulk Extract
27495087266,Act Now Nutrition,Individual/Sole Trader,ACT,ACT,VIC,3977,25,Possible,nutrition (+25),,Australian ABN Bulk Extract
27558306508,RIS HEALTH NATUROPATHY & NUTRITION,Individual/Sole Trader,ACT,NON,NSW,2203,25,Possible,nutrition (+25),,Australian ABN Bulk Extract
27606664804,RHL HEALTH & NUTRITION PTY LTD,Australian Private Company,ACT,CAN,NSW,2154,25,Possible,nutrition (+25),,Australian ABN Bulk Extract
27608439578,WONGAN HILLS GROCERY PTY LTD,Australian Private Company,ACT,ACT,WA,6603,40,Good potential,grocery (+20); grocer (+20),,Australian ABN Bulk Extract
27623424217,EMBRACE NUTRITION,Individual/Sole Trader,ACT,NON,VIC,3101,25,Possible,nutrition (+25),,Australian ABN Bulk Extract
27628619492,YAHWEH ASIAN GROCERY FRANCHISE PTY LTD,Australian Private Company,ACT,NON,VIC,3032,40,Good potential,grocery (+20); grocer (+20),,Australian ABN Bulk Extract
27648783206,MUSTANG GROCERY PTY LTD,Australian Private Company,ACT,ACT,NT,0800,40,Good potential,grocery (+20); grocer (+20),,Australian ABN Bulk Extract
27652127663,RECOVERY SUPPLEMENTS HOLDINGS PTY LTD,Australian Private Company,ACT,ACT,NSW,2230,25,Possible,supplement (+25),,Australian ABN Bulk Extract
27654364020,YOUR NUTRITION HUB PTY LTD,Australian Private Company,ACT,ACT,QLD,4207,25,Possible,nutrition (+25),,Australian ABN Bulk Extract
27673782673,PATHWAY NUTRITION PTY LTD,Australian Private Company,ACT,ACT,TAS,7267,25,Possible,nutrition (+25),,Australian ABN Bulk Extract
27686258293,DAI THANG ASIAN GROCERY PTY LTD,Australian Private Company,ACT,ACT,VIC,3019,40,Good potential,grocery (+20); grocer (+20),,Australian ABN Bulk Extract
27686959839,KING GROCERY STORE PTY LTD,Australian Private Company,ACT,ACT,NSW,2166,40,Good potential,grocery (+20); grocer (+20),,Australian ABN Bulk Extract
27694497624,MR NUTRITION SUPPLEMENTS PTY LTD,Australian Private Company,ACT,NON,NSW,2749,50,Good potential,supplement (+25); nutrition (+25),,Australian ABN Bulk Extract
27696126075,LOUVETTE COMPLETE NUTRITION PTY LTD,Australian Private Company,ACT,ACT,NSW,2034,25,Possible,nutrition (+25),,Australian ABN Bulk Extract
27752821172,PIP REED NUTRITION,Individual/Sole Trader,ACT,ACT,NSW,2576,25,Possible,nutrition (+25),,Australian ABN Bulk Extract
27873154766,GV Organic Food Patrons,Other Unincorporated Entity,ACT,NON,VIC,3109,40,Good potential,organic food (+40),,Australian ABN Bulk Extract
27902466873,Spur Supplements,Individual/Sole Trader,ACT,NON,NSW,2170,25,Possible,supplement (+25),,Australian ABN Bulk Extract
27922493119,THE ISLE OF NUTRITION,Individual/Sole Trader,ACT,ACT,TAS,7026,25,Possible,nutrition (+25),,Australian ABN Bulk Extract
27937146322,COWRA NUTRITION,Individual/Sole Trader,ACT,NON,NSW,2794,25,Possible,nutrition (+25),,Australian ABN Bulk Extract
27970248688,Mandurah Nutrition and Dietetics,Individual/Sole Trader,ACT,ACT,WA,6173,25,Possible,nutrition (+25),,Australian ABN Bulk Extract
27970796562,SoulFood Townsville Organic Community,Other Incorporated Entity,ACT,NON,QLD,4812,25,Possible,organic (+15); food (+10),,Australian ABN Bulk Extract
27997029497,PEPITA NUTRITION & DIETETICS,Individual/Sole Trader,ACT,CAN,VIC,3123,25,Possible,nutrition (+25),,Australian ABN Bulk Extract
28069328623,COMPLETE NUTRITIONAL FOOD PTY. LTD.,Australian Private Company,ACT,CAN,QLD,4226,35,Possible,nutrition (+25); food (+10),,Australian ABN Bulk Extract
28072531520,BEFITTING IMAGE TRAINING AND NUTRITION SERVICE,Individual/Sole Trader,ACT,ACT,NSW,2036,25,Possible,nutrition (+25),,Australian ABN Bulk Extract
28102726640,LUSH NUTRITION,Individual/Sole Trader,ACT,CAN,NSW,2211,25,Possible,nutrition (+25),,Australian ABN Bulk Extract
28138583623,SUSTAINABLE NUTRITION SERVICES PTY LTD,Australian Private Company,ACT,ACT,WA,6251,25,Possible,nutrition (+25),,Australian ABN Bulk Extract
28146187519,PLENISH SUPERFOODS PTY LTD,Australian Private Company,ACT,ACT,VIC,3145,45,Good potential,superfood (+45),,Australian ABN Bulk Extract
28168236913,AUSTRALIAN NUTRITION PTY LTD,Australian Private Company,ACT,NON,NSW,2161,25,Possible,nutrition (+25),,Australian ABN Bulk Extract
28292587427,JAYU ASIAN GROCERY,Individual/Sole Trader,ACT,ACT,NSW,2194,40,Good potential,grocery (+20); grocer (+20),,Australian ABN Bulk Extract
28294166187,Nutrition By Kate,Individual/Sole Trader,ACT,NON,NSW,2293,25,Possible,nutrition (+25),,Australian ABN Bulk Extract
28320347234,FORM NUTRITION,Individual/Sole Trader,ACT,NON,QLD,4218,25,Possible,nutrition (+25),,Australian ABN Bulk Extract
28344274251,AL-Fatha grocery stores,Individual/Sole Trader,ACT,NON,ACT,2913,40,Good potential,grocery (+20); grocer (+20),,Australian ABN Bulk Extract
28355953290,J&S NUTRITION SERVICES,Individual/Sole Trader,ACT,NON,QLD,4005,25,Possible,nutrition (+25),,Australian ABN Bulk Extract
28382306343,READY SET GROW NUTRITION,Individual/Sole Trader,ACT,ACT,NSW,2093,25,Possible,nutrition (+25),,Australian ABN Bulk Extract
28394335950,Real Eating Nutrition,Individual/Sole Trader,ACT,ACT,VIC,3046,25,Possible,nutrition (+25),,Australian ABN Bulk Extract
28417085232,NUTRITION WITH CHLOE,Individual/Sole Trader,ACT,NON,SA,5690,25,Possible,nutrition (+25),,Australian ABN Bulk Extract
28492603131,SML ASIAN GROCERY SHOP,Individual/Sole Trader,ACT,ACT,VIC,3174,40,Good potential,grocery (+20); grocer (+20),,Australian ABN Bulk Extract
28528849534,ELLEN MOON NUTRITION,Individual/Sole Trader,ACT,NON,WA,6530,25,Possible,nutrition (+25),,Australian ABN Bulk Extract
28533131766,DAH DAH ASIAN GROCERY,Individual/Sole Trader,ACT,ACT,VIC,3555,40,Good potential,grocery (+20); grocer (+20),,Australian ABN Bulk Extract
28568038263,INTUITION NUTRITION & CO,Individual/Sole Trader,ACT,NON,NSW,2035,25,Possible,nutrition (+25),,Australian ABN Bulk Extract
28570846759,PHOENIX HEALTH FOODS,Individual/Sole Trader,ACT,NON,TAS,7054,40,Good potential,health food (+40),,Australian ABN Bulk Extract
28573620448,ALL SUPPLEMENTS,Individual/Sole Trader,ACT,ACT,VIC,3056,25,Possible,supplement (+25),,Australian ABN Bulk Extract
28600891161,AB NUTRITION | COACHING,Individual/Sole Trader,ACT,NON,VIC,3896,25,Possible,nutrition (+25),,Australian ABN Bulk Extract
28609385604,NICHOLAS HEALTH AND NUTRITION PTY LTD,Australian Private Company,ACT,ACT,VIC,3029,25,Possible,nutrition (+25),,Australian ABN Bulk Extract
28632184279,DETOX ME NUTRITION PTY LTD,Australian Private Company,ACT,CAN,NSW,2046,25,Possible,nutrition (+25),,Australian ABN Bulk Extract
28634415149,All In One Indian Grocery Store,Individual/Sole Trader,ACT,ACT,QLD,4000,40,Good potential,grocery (+20); grocer (+20),,Australian ABN Bulk Extract
28646006055,DRC FOOD DISTRIBUTORS PTY LTD,Australian Private Company,ACT,NON,NSW,2178,40,Good potential,food distributor (+40),,Australian ABN Bulk Extract
28663741400,Q ONE BUTCHER AND GROCERY PTY LTD,Australian Private Company,ACT,ACT,QLD,4110,40,Good potential,grocery (+20); grocer (+20),,Australian ABN Bulk Extract
28679016892,AUSSIEFIT NUTRITION PTY LTD,Australian Private Company,ACT,NON,NSW,2749,25,Possible,nutrition (+25),,Australian ABN Bulk Extract
28679437455,somos uno nutrition,Individual/Sole Trader,ACT,ACT,QLD,4006,25,Possible,nutrition (+25),,Australian ABN Bulk Extract
28679739498,YUE KEE GROCERY SA PTY LTD,Australian Private Company,ACT,ACT,SA,5000,40,Good potential,grocery (+20); grocer (+20),,Australian ABN Bulk Extract
28687677515,FIRST BITES BABYS NUTRITION,Individual/Sole Trader,ACT,ACT,VIC,3222,25,Possible,nutrition (+25),,Australian ABN Bulk Extract
28732986544,TAILORED PET NUTRITION,Individual/Sole Trader,ACT,NON,QLD,4565,25,Possible,nutrition (+25),,Australian ABN Bulk Extract
28831035570,Moree Asian Grocery Store (MAGS Moree),Individual/Sole Trader,ACT,NON,NSW,2400,40,Good potential,grocery (+20); grocer (+20),,Australian ABN Bulk Extract
28849169715,BUILDHER NUTRITION & TRAINING,Individual/Sole Trader,ACT,NON,VIC,3825,25,Possible,nutrition (+25),,Australian ABN Bulk Extract
28862819031,Sun & Salt Nutrition,Individual/Sole Trader,ACT,ACT,QLD,4551,25,Possible,nutrition (+25),,Australian ABN Bulk Extract
28918061830,NUTRITION WITH SARAH,Individual/Sole Trader,ACT,NON,QLD,4075,25,Possible,nutrition (+25),,Australian ABN Bulk Extract
28938866421,NUTRITION PRO WITH KATREN,Individual/Sole Trader,ACT,NON,VIC,3182,25,Possible,nutrition (+25),,Australian ABN Bulk Extract
28977226908,KNOW YOUR NUTRITION,Individual/Sole Trader,ACT,CAN,VIC,3988,25,Possible,nutrition (+25),,Australian ABN Bulk Extract
28982933100,NORTH STAR NUTRITION,Individual/Sole Trader,ACT,NON,NSW,2256,25,Possible,nutrition (+25),,Australian ABN Bulk Extract
28986968681,KATIE COX NUTRITION,Individual/Sole Trader,ACT,NON,QLD,4034,25,Possible,nutrition (+25),,Australian ABN Bulk Extract
29038859430,AGRADE SUPPLEMENTS,Individual/Sole Trader,ACT,CAN,QLD,4209,25,Possible,supplement (+25),,Australian ABN Bulk Extract
29069494099,Knockout Nutrition,Individual/Sole Trader,ACT,ACT,NSW,2251,25,Possible,nutrition (+25),,Australian ABN Bulk Extract
29140026188,Knockout Nutrition Pty Limited,Australian Private Company,ACT,ACT,NSW,2760,25,Possible,nutrition (+25),,Australian ABN Bulk Extract
29141336920,Viva nutrition and dietetics,Individual/Sole Trader,ACT,ACT,WA,6060,25,Possible,nutrition (+25),,Australian ABN Bulk Extract
29154968458,The Trustee for Natural Nutrition Trust,Discretionary Trading Trust,ACT,NON,QLD,4020,25,Possible,nutrition (+25),,Australian ABN Bulk Extract
29155323028,VEGGIE MATE SUPERFOOD,Individual/Sole Trader,ACT,ACT,NSW,2142,45,Good potential,superfood (+45),,Australian ABN Bulk Extract
29158818243,BRAUER NUTRITION PTY LTD,Australian Private Company,ACT,ACT,SA,5352,25,Possible,nutrition (+25),,Australian ABN Bulk Extract
29165905359,BYRON BAY SUPERFOODS COMPANY PTY LTD,Australian Private Company,ACT,ACT,NSW,2481,45,Good potential,superfood (+45),,Australian ABN Bulk Extract
29172437237,HOLISTIC SISTER NUTRITION,Individual/Sole Trader,ACT,ACT,VIC,3143,25,Possible,nutrition (+25),,Australian ABN Bulk Extract
29201677286,ELEVATE STRENGTH & NUTRITION,Individual/Sole Trader,ACT,ACT,VIC,3153,25,Possible,nutrition (+25),,Australian ABN Bulk Extract
29302322017,NUTRITION BY KATELYN,Individual/Sole Trader,ACT,NON,VIC,3156,25,Possible,nutrition (+25),,Australian ABN Bulk Extract
29427808696,Busy Families Nutrition,Individual/Sole Trader,ACT,NON,VIC,3226,25,Possible,nutrition (+25),,Australian ABN Bulk Extract
29472373860,BEACHES ASIAN GROCERY,Individual/Sole Trader,ACT,NON,VIC,3305,40,Good potential,grocery (+20); grocer (+20),,Australian ABN Bulk Extract
29473207550,Asian Grocery Market,Individual/Sole Trader,ACT,ACT,NSW,2650,40,Good potential,grocery (+20); grocer (+20),,Australian ABN Bulk Extract
29552192545,TRACY STOCK NUTRITION AND DIETETIC SERVICES,Individual/Sole Trader,ACT,ACT,NSW,2756,25,Possible,nutrition (+25),,Australian ABN Bulk Extract
29586792824,HEATHER SHARP NUTRITION,Individual/Sole Trader,ACT,NON,NSW,2037,25,Possible,nutrition (+25),,Australian ABN Bulk Extract
29610243733,EVERSPRING HEALTH FOOD PTY LTD,Australian Private Company,ACT,ACT,NSW,2166,40,Good potential,health food (+40),,Australian ABN Bulk Extract
29610739912,EMPIRE OF NUTRITION PTY LTD,Australian Private Company,ACT,NON,VIC,3690,25,Possible,nutrition (+25),,Australian ABN Bulk Extract
29616222354,NO PONG NATURAL PRODUCTS PTY LTD,Australian Private Company,ACT,ACT,NSW,2121,35,Possible,natural products (+35),,Australian ABN Bulk Extract
29629234653,GENETIC SUPPLEMENTS PTY LTD,Australian Private Company,ACT,ACT,NSW,2761,25,Possible,supplement (+25),,Australian ABN Bulk Extract
29644343135,FOODSMARTS NUTRITION PTY LTD,Australian Private Company,ACT,ACT,VIC,3195,35,Possible,nutrition (+25); food (+10),,Australian ABN Bulk Extract
29648126332,GAVIN GRECH WHOLEBODY SUPPLEMENT STORE,Individual/Sole Trader,ACT,ACT,VIC,3034,25,Possible,supplement (+25),,Australian ABN Bulk Extract
29652910953,CHUU NUTRITION PTY LTD,Australian Private Company,ACT,ACT,NSW,2138,25,Possible,nutrition (+25),,Australian ABN Bulk Extract
29653537326,ENDURE SUPPLEMENTS,Individual/Sole Trader,ACT,ACT,VIC,3198,25,Possible,supplement (+25),,Australian ABN Bulk Extract
29660189677,ACTIVE NUTRITION PANTRY PTY LTD,Australian Private Company,ACT,ACT,NSW,2452,25,Possible,nutrition (+25),,Australian ABN Bulk Extract
29662527386,SIDEKICK NUTRITION,Individual/Sole Trader,ACT,CAN,WA,6158,25,Possible,nutrition (+25),,Australian ABN Bulk Extract
29667326534,GIPPSLAND FOOD WHOLESALERS (GFW) PTY LTD,Australian Private Company,ACT,ACT,VIC,3202,75,High potential,food wholesaler (+40); food wholesale (+35),,Australian ABN Bulk Extract
29675034726,FLOURISH NUTRITION,Individual/Sole Trader,ACT,NON,NSW,2096,25,Possible,nutrition (+25),,Australian ABN Bulk Extract
29679747079,BETHANY ROSE NUTRITION,Individual/Sole Trader,ACT,NON,SA,5090,25,Possible,nutrition (+25),,Australian ABN Bulk Extract
29690602683,OPTIMUM NUTRITION & TRAINING PTY LTD,Australian Private Company,ACT,ACT,VIC,3072,25,Possible,nutrition (+25),,Australian ABN Bulk Extract
29691522406,NATURAL FOOD DISTRIBUTORS PTY LTD,Australian Private Company,ACT,ACT,VIC,3021,40,Good potential,food distributor (+40),,Australian ABN Bulk Extract
29693733792,WILD KINGDOM PET NUTRITION PTY LTD,Australian Private Company,ACT,ACT,QLD,4000,25,Possible,nutrition (+25),,Australian ABN Bulk Extract
29767398718,NATIONAL NUTRITION FOUNDATION LTD.,Australian Public Company,ACT,ACT,VIC,3121,25,Possible,nutrition (+25),,Australian ABN Bulk Extract
29786498772,IGNITE YOUR GLOW NUTRITION,Individual/Sole Trader,ACT,NON,SA,5163,25,Possible,nutrition (+25),,Australian ABN Bulk Extract
29794482159,Balanced Life Nutritional Therapy,Individual/Sole Trader,ACT,ACT,NSW,2094,25,Possible,nutrition (+25),,Australian ABN Bulk Extract
29831064902,GLOW NUTRITION BY BV,Individual/Sole Trader,ACT,NON,VIC,3193,25,Possible,nutrition (+25),,Australian ABN Bulk Extract
29849419324,Purely Nutrition,Individual/Sole Trader,ACT,NON,VIC,3191,25,Possible,nutrition (+25),,Australian ABN Bulk Extract
29961100795,NUTRITIONAL MEDICINE WELLNESS CONNECTION,Individual/Sole Trader,ACT,ACT,VIC,3561,25,Possible,nutrition (+25),,Australian ABN Bulk Extract
30056646014,C M WHOLESALERS & DISTRIBUTORS PTY LTD,Australian Private Company,ACT,CAN,SA,5044,30,Possible,wholesale (+15); distributor (+15),,Australian ABN Bulk Extract
30110903377,TS NUTRITION,Individual/Sole Trader,ACT,NON,WA,6020,25,Possible,nutrition (+25),,Australian ABN Bulk Extract
30148981370,RACHEL KAY NUTRITIONIST,Individual/Sole Trader,ACT,CAN,QLD,4064,25,Possible,nutrition (+25),,Australian ABN Bulk Extract
30257879497,Body Confident Nutrition,Individual/Sole Trader,ACT,NON,VIC,3350,25,Possible,nutrition (+25),,Australian ABN Bulk Extract
30271761003,Smart Start Nutrition,Individual/Sole Trader,ACT,NON,SA,5159,25,Possible,nutrition (+25),,Australian ABN Bulk Extract
30357149285,PLANTING NUTRITION,Individual/Sole Trader,ACT,NON,NSW,2026,25,Possible,nutrition (+25),,Australian ABN Bulk Extract
30400330812,THE TRUSTEE FOR KEY NUTRITION UNIT TRUST,Fixed Unit Trust,ACT,ACT,QLD,4561,25,Possible,nutrition (+25),,Australian ABN Bulk Extract
30441210858,GREEN SOUL NUTRITION,Individual/Sole Trader,ACT,NON,VIC,3757,25,Possible,nutrition (+25),,Australian ABN Bulk Extract
30571861521,MORE THAN FOOD NUTRITION,Individual/Sole Trader,ACT,NON,QLD,4160,35,Possible,nutrition (+25); food (+10),,Australian ABN Bulk Extract
30602439841,EQUUS CARE NUTRITION PTY LTD,Australian Private Company,ACT,ACT,VIC,3318,25,Possible,nutrition (+25),,Australian ABN Bulk Extract
30616025971,NUTRITION SOLUTIONS TASMANIA PTY. LTD.,Australian Private Company,ACT,CAN,TAS,7252,25,Possible,nutrition (+25),,Australian ABN Bulk Extract
30616720962,HIGH-END SUPPLEMENTS PTY LTD,Australian Private Company,ACT,ACT,NSW,2229,25,Possible,supplement (+25),,Australian ABN Bulk Extract
30627874748,MANNY NOAKES NUTRITION PTY LTD,Australian Private Company,ACT,NON,SA,5062,25,Possible,nutrition (+25),,Australian ABN Bulk Extract
30628559620,Better Life Nutrition,Individual/Sole Trader,ACT,NON,QLD,4221,25,Possible,nutrition (+25),,Australian ABN Bulk Extract
30636531505,GROCERY MACQUARIE PTY LIMITED,Australian Private Company,ACT,ACT,NSW,2137,40,Good potential,grocery (+20); grocer (+20),,Australian ABN Bulk Extract
30639347961,IMPERFECT NUTRITIONIST PTY LTD,Australian Private Company,ACT,ACT,NSW,2099,25,Possible,nutrition (+25),,Australian ABN Bulk Extract
30646210184,ANTON'S FRESH GROCERY PTY LTD,Australian Private Company,ACT,CAN,VIC,3135,40,Good potential,grocery (+20); grocer (+20),,Australian ABN Bulk Extract
30648140489,R & M IMPORTERS AND DISTRIBUTORS PTY LTD,Australian Private Company,ACT,ACT,WA,6155,25,Possible,distributor (+15); importer (+10),,Australian ABN Bulk Extract
30657194691,MASS NUTRITION GOLD COAST PTY LTD,Australian Private Company,ACT,ACT,QLD,4214,25,Possible,nutrition (+25),,Australian ABN Bulk Extract
30666685909,DOR LA INTERNATIONAL GROCERY PTY LTD,Australian Private Company,ACT,ACT,SA,5074,40,Good potential,grocery (+20); grocer (+20),,Australian ABN Bulk Extract
30682771688,HOXTON PARK GROCERY STORE PTY LTD,Australian Private Company,ACT,ACT,NSW,2168,40,Good potential,grocery (+20); grocer (+20),,Australian ABN Bulk Extract
30688639723,LATINO FOOD DISTRIBUTORS PTY LTD,Australian Private Company,ACT,ACT,NSW,2161,40,Good potential,food distributor (+40),,Australian ABN Bulk Extract
30695489731,Full Plate Nutrition,Individual/Sole Trader,ACT,NON,TAS,7262,25,Possible,nutrition (+25),,Australian ABN Bulk Extract
30737996894,GUTSY NUTRITION SERVICES,Individual/Sole Trader,ACT,NON,QLD,4370,25,Possible,nutrition (+25),,Australian ABN Bulk Extract
30772628731,Ausphil Filipino Grocery,Individual/Sole Trader,ACT,ACT,QLD,4740,40,Good potential,grocery (+20); grocer (+20),,Australian ABN Bulk Extract
30808353900,FUSION FAT LOSS AND NUTRITION,Individual/Sole Trader,ACT,CAN,QLD,4509,25,Possible,nutrition (+25),,Australian ABN Bulk Extract
30922789123,BIG SIS NUTRITION & DIETETICS,Individual/Sole Trader,ACT,NON,VIC,3172,25,Possible,nutrition (+25),,Australian ABN Bulk Extract
30968199299,Nourish Nutrition and Lifestyle Coaching,Individual/Sole Trader,ACT,CAN,VIC,3777,25,Possible,nutrition (+25),,Australian ABN Bulk Extract
30990684257,B KYND NUTRITION & WELLBEING,Individual/Sole Trader,ACT,NON,QLD,4670,25,Possible,nutrition (+25),,Australian ABN Bulk Extract
30997968166,BEC'S NUTRITION CONSULTING,Individual/Sole Trader,ACT,NON,WA,6069,25,Possible,nutrition (+25),,Australian ABN Bulk Extract
31060772590,NEWCASTLE SEAFOOD WHOLESALERS PTY LIMITED,Australian Private Company,ACT,ACT,NSW,2283,45,Good potential,food wholesaler (+40); food wholesale (+35),seafood (-30),Australian ABN Bulk Extract
31078931629,SYDNEY POULTRY FOOD DISTRIBUTORS PTY LTD,Australian Private Company,ACT,ACT,NSW,2580,40,Good potential,food distributor (+40),,Australian ABN Bulk Extract
31126922536,BERRY BRIGHT NUTRITION,Individual/Sole Trader,ACT,NON,NSW,2566,25,Possible,nutrition (+25),,Australian ABN Bulk Extract
31137102044,SAM GROCERY AUSTRALIA PTY LTD,Australian Private Company,ACT,ACT,NSW,2322,40,Good potential,grocery (+20); grocer (+20),,Australian ABN Bulk Extract
31137989889,BALANCE FROM WITHIN NUTRITION,Individual/Sole Trader,ACT,NON,VIC,3810,25,Possible,nutrition (+25),,Australian ABN Bulk Extract
31152381970,EXPLORE NUTRITION PTY LTD,Australian Private Company,ACT,ACT,NSW,2103,25,Possible,nutrition (+25),,Australian ABN Bulk Extract
31153580333,NUTRITION 2 YOU PTY. LTD.,Australian Private Company,ACT,NON,VIC,3161,25,Possible,nutrition (+25),,Australian ABN Bulk Extract
31155682326,G2 Family Grocery Shop,Individual/Sole Trader,ACT,NON,VIC,3806,40,Good potential,grocery (+20); grocer (+20),,Australian ABN Bulk Extract
31160607509,SANULAC NUTRITIONALS AUSTRALIA PTY LTD,Australian Private Company,ACT,ACT,NSW,2065,25,Possible,nutrition (+25),,Australian ABN Bulk Extract
31207355941,D & V GROCERY,Individual/Sole Trader,ACT,ACT,NSW,2450,40,Good potential,grocery (+20); grocer (+20),,Australian ABN Bulk Extract
31258504310,ELITE NUTRITION SOLUTIONS,Individual/Sole Trader,ACT,NON,VIC,3205,25,Possible,nutrition (+25),,Australian ABN Bulk Extract
31354543612,Reconnect Nutrition,Individual/Sole Trader,ACT,NON,QLD,4215,25,Possible,nutrition (+25),,Australian ABN Bulk Extract
31385300851,OPTIMUM NUTRITION & TRAINING PARTNERSHIP,Other Partnership,ACT,ACT,VIC,3072,25,Possible,nutrition (+25),,Australian ABN Bulk Extract
31391611949,Everfit nutrition,Individual/Sole Trader,ACT,NON,NSW,2117,25,Possible,nutrition (+25),,Australian ABN Bulk Extract
31428598272,ELLHEALTH NUTRITION,Individual/Sole Trader,ACT,NON,TAS,7052,25,Possible,nutrition (+25),,Australian ABN Bulk Extract
31430199479,NUTRITION PERTH,Individual/Sole Trader,ACT,NON,WA,6006,25,Possible,nutrition (+25),,Australian ABN Bulk Extract
31445702696,COMPLETE TRAINING & NUTRITION,Individual/Sole Trader,ACT,NON,WA,6019,25,Possible,nutrition (+25),,Australian ABN Bulk Extract
31489671036,Healthy Bites Nutrition,Individual/Sole Trader,ACT,ACT,NSW,2790,25,Possible,nutrition (+25),,Australian ABN Bulk Extract
31534960576,NUTRITION FOR HER,Individual/Sole Trader,ACT,NON,QLD,4005,25,Possible,nutrition (+25),,Australian ABN Bulk Extract
31572754944,GLOWING HEALTH NUTRITION,Individual/Sole Trader,ACT,NON,VIC,3195,25,Possible,nutrition (+25),,Australian ABN Bulk Extract
31588996189,ZAC EGAN NUTRITION,Individual/Sole Trader,ACT,NON,VIC,3465,25,Possible,nutrition (+25),,Australian ABN Bulk Extract
31614874172,NUTRITION STATION BANKSTOWN PTY LTD,Australian Private Company,ACT,ACT,NSW,2200,25,Possible,nutrition (+25),,Australian ABN Bulk Extract
31621036619,NUTRITION ZONE WA PTY LTD,Australian Private Company,ACT,ACT,WA,6004,25,Possible,nutrition (+25),,Australian ABN Bulk Extract
31621492914,BLOSSOMING HEALTH NUTRITION,Individual/Sole Trader,ACT,NON,QLD,4064,25,Possible,nutrition (+25),,Australian ABN Bulk Extract
31625456886,COMPLETE NUTRITION CARE PTY LTD,Australian Private Company,ACT,NON,QLD,4558,25,Possible,nutrition (+25),,Australian ABN Bulk Extract
31627462819,AUSCN HEALTH FOOD TECHNOLOGY PTY LTD,Australian Private Company,ACT,ACT,QLD,4152,40,Good potential,health food (+40),,Australian ABN Bulk Extract
31674373543,SALACIA NUTRITION PTY LTD,Australian Private Company,ACT,NON,VIC,3146,25,Possible,nutrition (+25),,Australian ABN Bulk Extract
31674471553,STABL NUTRITION PTY. LTD.,Australian Private Company,ACT,ACT,NSW,2477,25,Possible,nutrition (+25),,Australian ABN Bulk Extract
31676285591,INDEPENDENT FOOD DISTRIBUTOR PTY LTD,Australian Private Company,ACT,ACT,NSW,2223,40,Good potential,food distributor (+40),,Australian ABN Bulk Extract
31677741534,LONG LIFE NUTRITION PTY LTD,Australian Private Company,ACT,NON,QLD,4217,25,Possible,nutrition (+25),,Australian ABN Bulk Extract
31678348224,THE REDHEADED NUTRITIONIST PTY LTD,Australian Private Company,ACT,NON,NSW,2540,25,Possible,nutrition (+25),,Australian ABN Bulk Extract
31680740569,UPDOG SUPPLEMENTS PTY LTD,Australian Private Company,ACT,NON,QLD,4170,25,Possible,supplement (+25),,Australian ABN Bulk Extract
31691110924,FYNAL FORM NUTRITION PTY LTD,Australian Private Company,ACT,ACT,VIC,3140,25,Possible,nutrition (+25),,Australian ABN Bulk Extract
31700393383,ACP NUTRITION AUSTRALIA,Individual/Sole Trader,ACT,ACT,NSW,2115,25,Possible,nutrition (+25),,Australian ABN Bulk Extract
31716792627,ROSS WALTER NUTRITIONIST AND NATUROPATH,Individual/Sole Trader,ACT,NON,QLD,4502,25,Possible,nutrition (+25),,Australian ABN Bulk Extract
31735779330,The Trustee for Crown Supplements Trust,Fixed Unit Trust,ACT,ACT,VIC,3189,25,Possible,supplement (+25),,Australian ABN Bulk Extract
31763406270,SCIENTIFIC SPORTS NUTRITION,Individual/Sole Trader,ACT,NON,QLD,4051,25,Possible,nutrition (+25),,Australian ABN Bulk Extract
31784185821,Gleefull Supplements Inc.,Other Incorporated Entity,ACT,ACT,,82801,25,Possible,supplement (+25),,Australian ABN Bulk Extract
31847461066,PAKENHAM GROCERY SHOP,Individual/Sole Trader,ACT,CAN,VIC,3978,40,Good potential,grocery (+20); grocer (+20),,Australian ABN Bulk Extract
31869904519,Linda Young Nutrition,Individual/Sole Trader,ACT,NON,QLD,4051,25,Possible,nutrition (+25),,Australian ABN Bulk Extract
31879908241,S.L CARROLL & THE TRUSTEE FOR BALANCE UP NUTRITION TRUST,Other Partnership,ACT,NON,VIC,3730,25,Possible,nutrition (+25),,Australian ABN Bulk Extract
31940896715,GEORGIA BLAIR NUTRITION,Individual/Sole Trader,ACT,ACT,QLD,4163,25,Possible,nutrition (+25),,Australian ABN Bulk Extract
31945926199,New Normal Nutrition,Individual/Sole Trader,ACT,NON,NSW,2500,25,Possible,nutrition (+25),,Australian ABN Bulk Extract
31959903506,SAMARA OGDEN NUTRITION & MASSAGE,Individual/Sole Trader,ACT,NON,VIC,3460,25,Possible,nutrition (+25),,Australian ABN Bulk Extract
31972575135,AUSSIE MEGA SUPPLEMENTS,Individual/Sole Trader,ACT,NON,VIC,3023,25,Possible,supplement (+25),,Australian ABN Bulk Extract
31993615981,LMH NUTRITION,Individual/Sole Trader,ACT,NON,VIC,3140,25,Possible,nutrition (+25),,Australian ABN Bulk Extract
32075532857,THE ORGANIC FOOD CHAIN PTY. LTD.,Australian Private Company,ACT,ACT,QLD,4163,40,Good potential,organic food (+40),,Australian ABN Bulk Extract
32101972175,SECOND SPRING NUTRITION,Individual/Sole Trader,ACT,CAN,VIC,3071,25,Possible,nutrition (+25),,Australian ABN Bulk Extract
32113528639,Premium Nutrition Solutions,Individual/Sole Trader,ACT,ACT,VIC,3037,25,Possible,nutrition (+25),,Australian ABN Bulk Extract
32119964171,Evolve Nutrition Pty Ltd,Australian Private Company,ACT,ACT,NSW,2281,25,Possible,nutrition (+25),,Australian ABN Bulk Extract
32146439415,Ethical Nutrition Services,Individual/Sole Trader,ACT,CAN,NT,0870,25,Possible,nutrition (+25),,Australian ABN Bulk Extract
32159995203,SPORT SUPPLEMENTS DIRECT PTY LTD,Australian Private Company,ACT,ACT,QLD,4509,25,Possible,supplement (+25),,Australian ABN Bulk Extract
32204373234,am health & nutrition,Individual/Sole Trader,ACT,NON,VIC,3108,25,Possible,nutrition (+25),,Australian ABN Bulk Extract
32210707018,Autism Nutrition,Individual/Sole Trader,ACT,ACT,VIC,3000,25,Possible,nutrition (+25),,Australian ABN Bulk Extract
32219488336,HANDS ON NUTRITION & COACHING,Individual/Sole Trader,ACT,NON,QLD,4059,25,Possible,nutrition (+25),,Australian ABN Bulk Extract
32260157621,GROCERY TO DOOR,Individual/Sole Trader,ACT,NON,SA,5067,40,Good potential,grocery (+20); grocer (+20),,Australian ABN Bulk Extract
32270253380,NUTRITIONAL THERAPY: THE BALANCE,Individual/Sole Trader,ACT,ACT,VIC,3057,25,Possible,nutrition (+25),,Australian ABN Bulk Extract
32272198956,Webb Nutrition,Individual/Sole Trader,ACT,NON,QLD,4113,25,Possible,nutrition (+25),,Australian ABN Bulk Extract
32272732347,GOODNESS GRACIOUS HEALTH FOOD AND SUPPLEMENTS,Individual/Sole Trader,ACT,CAN,QLD,4800,65,High potential,health food (+40); supplement (+25),,Australian ABN Bulk Extract
32280458046,Nutrition in Carmels Kitchen,Individual/Sole Trader,ACT,ACT,NSW,2154,25,Possible,nutrition (+25),,Australian ABN Bulk Extract
32285066552,ATS NUTRITION TRUST,Discretionary Trading Trust,ACT,CAN,QLD,4213,25,Possible,nutrition (+25),,Australian ABN Bulk Extract
32309394772,KILMORE INDIAN GROCERY,Individual/Sole Trader,ACT,ACT,VIC,3764,40,Good potential,grocery (+20); grocer (+20),,Australian ABN Bulk Extract
32362732419,The Hills Milk and Grocery Run,Individual/Sole Trader,ACT,CAN,NSW,2151,40,Good potential,grocery (+20); grocer (+20),,Australian ABN Bulk Extract
32364300568,NEW IMAGE SPORTS SUPPLEMENTS,Limited Partnership,ACT,NON,QLD,4051,25,Possible,supplement (+25),,Australian ABN Bulk Extract
32378091580,FIRST LINE NUTRITION,Individual/Sole Trader,ACT,NON,NSW,2171,25,Possible,nutrition (+25),,Australian ABN Bulk Extract
32440417483,Bunya Nutrition,Individual/Sole Trader,ACT,NON,NSW,2207,25,Possible,nutrition (+25),,Australian ABN Bulk Extract
32460436482,Alice D Nutrition,Individual/Sole Trader,ACT,NON,VIC,3875,25,Possible,nutrition (+25),,Australian ABN Bulk Extract
32470632519,BELINDA GEDDES NUTRITION,Individual/Sole Trader,ACT,NON,QLD,4504,25,Possible,nutrition (+25),,Australian ABN Bulk Extract
32483197617,PEAK Strength & Nutrition,Individual/Sole Trader,ACT,NON,NSW,2292,25,Possible,nutrition (+25),,Australian ABN Bulk Extract
32489388177,AUREX NUTRITION,Individual/Sole Trader,ACT,NON,QLD,4551,25,Possible,nutrition (+25),,Australian ABN Bulk Extract
32502098529,"BLAYDE PERFORMANCE, HEALTH & NUTRITION",Individual/Sole Trader,ACT,CAN,VIC,3207,25,Possible,nutrition (+25),,Australian ABN Bulk Extract
32562697783,ABOVE AVERAGE NUTRITION,Individual/Sole Trader,ACT,NON,QLD,4670,25,Possible,nutrition (+25),,Australian ABN Bulk Extract
32572818334,WHIP IT UP NUTRITION & HEALTH,Individual/Sole Trader,ACT,NON,VIC,3056,25,Possible,nutrition (+25),,Australian ABN Bulk Extract
32600353268,"THE GORILLA PIT- TRAINING, NUTRITION & LIFESTYLE PTY LTD",Australian Private Company,ACT,ACT,NSW,2500,25,Possible,nutrition (+25),,Australian ABN Bulk Extract
32608182761,NUTRITION CARE PROFESSIONALS PTY LTD,Australian Private Company,ACT,NON,QLD,4066,25,Possible,nutrition (+25),,Australian ABN Bulk Extract
32615048747,AUSTRALIAN SPORTS NUTRITION FAIRFIELD CENTRAL PTY LTD,Australian Private Company,ACT,ACT,QLD,4811,25,Possible,nutrition (+25),,Australian ABN Bulk Extract
32616474358,NOURISHED NUTRITION PTY LTD,Australian Private Company,ACT,NON,NSW,2138,25,Possible,nutrition (+25),,Australian ABN Bulk Extract
32619997518,AO GROCERY PTY LTD,Australian Private Company,ACT,ACT,NSW,2000,40,Good potential,grocery (+20); grocer (+20),,Australian ABN Bulk Extract
32621972638,SPORTS NUTRITION AUSTRALIA PTY LTD,Australian Private Company,ACT,ACT,QLD,4014,25,Possible,nutrition (+25),,Australian ABN Bulk Extract
32644916272,KATRINA'S FAMILY NUTRITION PTY LTD,Australian Private Company,ACT,ACT,NSW,2000,25,Possible,nutrition (+25),,Australian ABN Bulk Extract
32657807497,FIVE SENSES NUTRITION PTY LTD,Australian Private Company,ACT,NON,WA,6029,25,Possible,nutrition (+25),,Australian ABN Bulk Extract
32668834848,FAMILY ASIAN GROCERY PTY LTD,Australian Private Company,ACT,ACT,NSW,2330,40,Good potential,grocery (+20); grocer (+20),,Australian ABN Bulk Extract
32672846767,QUT GROCERY PTY LTD,Australian Private Company,ACT,ACT,QLD,4000,40,Good potential,grocery (+20); grocer (+20),,Australian ABN Bulk Extract
32673888438,SHAHIN GROCERY PTY LTD,Australian Private Company,ACT,ACT,VIC,3020,40,Good potential,grocery (+20); grocer (+20),,Australian ABN Bulk Extract
32675799676,PURE LONGEVITY SUPPLEMENTS PTY LTD,Australian Private Company,ACT,ACT,SA,5016,25,Possible,supplement (+25),,Australian ABN Bulk Extract
32692516278,New Leaf Health and Sports Nutrition,Individual/Sole Trader,ACT,CAN,VIC,3032,25,Possible,nutrition (+25),,Australian ABN Bulk Extract
32698336604,NOA NUTRITION PTY LTD,Australian Private Company,ACT,ACT,NSW,2230,25,Possible,nutrition (+25),,Australian ABN Bulk Extract
32712606541,BLOSSOM HOLISTIC NUTRITION,Individual/Sole Trader,ACT,NON,WA,6101,25,Possible,nutrition (+25),,Australian ABN Bulk Extract
32718427967,NICOLAS MOBILE ASIAN GROCERY,Individual/Sole Trader,ACT,NON,NSW,2250,40,Good potential,grocery (+20); grocer (+20),,Australian ABN Bulk Extract
32774544601,Functional Movement and Nutrition,Individual/Sole Trader,ACT,CAN,QLD,4006,25,Possible,nutrition (+25),,Australian ABN Bulk Extract
32790708831,Susan Moore Nutrition & Life Coaching,Individual/Sole Trader,ACT,NON,QLD,4655,25,Possible,nutrition (+25),,Australian ABN Bulk Extract
32821592359,aevium supplements,Individual/Sole Trader,ACT,CAN,NSW,2200,25,Possible,supplement (+25),,Australian ABN Bulk Extract
32822896481,NUTRITION WITH MARGARET,Individual/Sole Trader,ACT,NON,WA,6054,25,Possible,nutrition (+25),,Australian ABN Bulk Extract
32843845948,YOUTH SPORT NUTRITION,Individual/Sole Trader,ACT,NON,NSW,2190,25,Possible,nutrition (+25),,Australian ABN Bulk Extract
32946267144,Step Nutrition,Individual/Sole Trader,ACT,NON,VIC,3180,25,Possible,nutrition (+25),,Australian ABN Bulk Extract
32973532829,WHOLE NUTRITION CO,Individual/Sole Trader,ACT,NON,NSW,2830,25,Possible,nutrition (+25),,Australian ABN Bulk Extract
32990206442,Sea The Change Nutrition,Individual/Sole Trader,ACT,CAN,VIC,3222,25,Possible,nutrition (+25),,Australian ABN Bulk Extract
33138845993,TAN PHAT ASIAN GROCERY,Individual/Sole Trader,ACT,ACT,QLD,4300,40,Good potential,grocery (+20); grocer (+20),,Australian ABN Bulk Extract
33139642747,J & J GROCERY WORLD PTY LIMITED,Australian Private Company,ACT,ACT,VIC,3128,40,Good potential,grocery (+20); grocer (+20),,Australian ABN Bulk Extract
33184951485,HOLOS NUTRITION,Individual/Sole Trader,ACT,NON,NSW,2224,25,Possible,nutrition (+25),,Australian ABN Bulk Extract
33206327450,UNIVERSE KAREN GROCERY,Individual/Sole Trader,ACT,ACT,VIC,3029,40,Good potential,grocery (+20); grocer (+20),,Australian ABN Bulk Extract
33228322962,FRAZER'S PERFORMANCE NUTRITION,Individual/Sole Trader,ACT,NON,QLD,4064,25,Possible,nutrition (+25),,Australian ABN Bulk Extract
33256948670,New Concept Nutrition,Individual/Sole Trader,ACT,ACT,NSW,2073,25,Possible,nutrition (+25),,Australian ABN Bulk Extract
33260876031,ONYX SUPPLEMENTS AUSTRALIA,Individual/Sole Trader,ACT,NON,WA,6171,25,Possible,supplement (+25),,Australian ABN Bulk Extract
33280886427,Locked Nutrition,Individual/Sole Trader,ACT,ACT,QLD,4226,25,Possible,nutrition (+25),,Australian ABN Bulk Extract
33415440079,POP NUTRITION MURRAY BRIDGE,Individual/Sole Trader,ACT,ACT,SA,5233,25,Possible,nutrition (+25),,Australian ABN Bulk Extract
33496395648,ZARA ROSE NUTRITION,Individual/Sole Trader,ACT,NON,VIC,3714,25,Possible,nutrition (+25),,Australian ABN Bulk Extract
33556510123,NOURISH NUTRITION & WELLNESS,Individual/Sole Trader,ACT,NON,VIC,3962,25,Possible,nutrition (+25),,Australian ABN Bulk Extract
33556882901,Beni Turkson Nutrition,Individual/Sole Trader,ACT,NON,VIC,3226,25,Possible,nutrition (+25),,Australian ABN Bulk Extract
33574654759,Virtual Vitality Nutrition,Individual/Sole Trader,ACT,NON,QLD,4053,25,Possible,nutrition (+25),,Australian ABN Bulk Extract
33589882954,Elite Sports & Supplements,Individual/Sole Trader,ACT,ACT,QLD,4817,25,Possible,supplement (+25),,Australian ABN Bulk Extract
33602049224,"Be Healthy, Health Foods",Individual/Sole Trader,ACT,CAN,VIC,3810,40,Good potential,health food (+40),,Australian ABN Bulk Extract
33627880362,NUTRITIONAL HEALTH & HEALING PTY LTD,Australian Private Company,ACT,ACT,QLD,4165,25,Possible,nutrition (+25),,Australian ABN Bulk Extract
33632140189,SUNSHINE NUTRITION & CO,Individual/Sole Trader,ACT,ACT,QLD,4551,25,Possible,nutrition (+25),,Australian ABN Bulk Extract
33653715738,MCBRICK HEALTH FOODS PTY LTD,Australian Private Company,ACT,ACT,VIC,3862,40,Good potential,health food (+40),,Australian ABN Bulk Extract
33654911234,AVICENNA NUTRITION PTY LTD,Australian Private Company,ACT,NON,NSW,2144,25,Possible,nutrition (+25),,Australian ABN Bulk Extract
33655236643,NLS NUTRITION,Individual/Sole Trader,ACT,NON,VIC,3910,25,Possible,nutrition (+25),,Australian ABN Bulk Extract
33663585162,SHROOMED NUTRITION PTY LTD,Australian Private Company,ACT,ACT,NSW,2232,25,Possible,nutrition (+25),,Australian ABN Bulk Extract
33665521488,AMERICAN FOODS DISTRIBUTOR PTY LTD,Australian Private Company,ACT,ACT,NSW,2205,25,Possible,distributor (+15); food (+10),,Australian ABN Bulk Extract
33675649377,PERFORMANT NUTRITION PTY LTD,Australian Private Company,ACT,ACT,VIC,3664,25,Possible,nutrition (+25),,Australian ABN Bulk Extract
33677573063,NEURODIVERSITY & NUTRITION PTY LTD,Australian Private Company,ACT,ACT,QLD,4881,25,Possible,nutrition (+25),,Australian ABN Bulk Extract
33678324359,A&J GROCERY PTY LTD,Australian Private Company,ACT,ACT,ACT,2617,40,Good potential,grocery (+20); grocer (+20),,Australian ABN Bulk Extract
33680124903,TORA SUPPLEMENTS PTY LTD,Australian Private Company,ACT,ACT,VIC,3207,25,Possible,supplement (+25),,Australian ABN Bulk Extract
33682411981,JONES HEALTH FOODS PTY LTD,Australian Private Company,ACT,NON,NSW,2026,40,Good potential,health food (+40),,Australian ABN Bulk Extract
33685955828,COASTAL KIDS NUTRITION PTY LTD,Australian Private Company,ACT,NON,NSW,2260,25,Possible,nutrition (+25),,Australian ABN Bulk Extract
33687477818,DISCOVER GUT HEALTH & KIDS NUTRITION PTY LTD,Australian Private Company,ACT,ACT,VIC,3104,25,Possible,nutrition (+25),,Australian ABN Bulk Extract
33688174505,THRIVE NUTRITION,Individual/Sole Trader,ACT,NON,SA,5011,25,Possible,nutrition (+25),,Australian ABN Bulk Extract
33689988403,KALIMATI VEGGIES AND GROCERY BAZAAR PTY LTD,Australian Private Company,ACT,ACT,NSW,2150,40,Good potential,grocery (+20); grocer (+20),,Australian ABN Bulk Extract
33691524044,VICTORIAN SPORTS NUTRITION PTY LTD,Australian Private Company,ACT,ACT,VIC,3806,25,Possible,nutrition (+25),,Australian ABN Bulk Extract
33693948471,ACT GROCERY WAREHOUSE PTY LTD,Australian Private Company,ACT,NON,ACT,2913,40,Good potential,grocery (+20); grocer (+20),,Australian ABN Bulk Extract
33695603215,PROTOCOL NUTRITION PTY LTD,Australian Private Company,ACT,ACT,NT,0830,25,Possible,nutrition (+25),,Australian ABN Bulk Extract
33696002598,KORE NUTRITION PTY LTD,Australian Private Company,ACT,NON,NSW,2800,25,Possible,nutrition (+25),,Australian ABN Bulk Extract
33700506538,AAMA ASIAN GROCERY MOONAH PTY LTD,Australian Private Company,ACT,ACT,TAS,7009,40,Good potential,grocery (+20); grocer (+20),,Australian ABN Bulk Extract
33740716418,NUTRITION WITH CATHY GUO,Individual/Sole Trader,ACT,NON,QLD,4035,25,Possible,nutrition (+25),,Australian ABN Bulk Extract
33744397355,The Trustee for Appetite for Nutrition Trust,Discretionary Trading Trust,ACT,ACT,VIC,3028,25,Possible,nutrition (+25),,Australian ABN Bulk Extract
33749399613,NON DIET NUTRITION,Individual/Sole Trader,ACT,NON,WA,6157,25,Possible,nutrition (+25),,Australian ABN Bulk Extract
33905731767,THE WALTER & ELIZA HALL SUPPLEMENTARY TRUST,Other Incorporated Entity,ACT,CAN,NSW,2000,25,Possible,supplement (+25),,Australian ABN Bulk Extract
33984729011,KOKORO SUPPLEMENTS,Individual/Sole Trader,ACT,NON,SA,5088,25,Possible,supplement (+25),,Australian ABN Bulk Extract
33986781351,AUSTRALIAN NUTRITION FOUNDATION (QLD. DIV.) INC,Other Incorporated Entity,ACT,ACT,QLD,4059,25,Possible,nutrition (+25),,Australian ABN Bulk Extract
34099410803,PJ'S FOOD DISTRIBUTORS PTY LTD,Australian Private Company,ACT,ACT,NSW,2170,40,Good potential,food distributor (+40),,Australian ABN Bulk Extract
34099679820,TOOWOOMBA WHOLESALE DISTRIBUTORS PTY LTD,Australian Private Company,ACT,ACT,QLD,4350,30,Possible,wholesale (+15); distributor (+15),,Australian ABN Bulk Extract
34107966206,RACHEL MULLENS DIETITIAN AND NUTRITION CONSULTANT,Individual/Sole Trader,ACT,NON,NSW,2576,25,Possible,nutrition (+25),,Australian ABN Bulk Extract
34146901902,HIS & HERS NUTRITION PTY LTD,Australian Private Company,ACT,ACT,NSW,2160,25,Possible,nutrition (+25),,Australian ABN Bulk Extract
34202171733,Living Well Nutrition,Individual/Sole Trader,ACT,NON,QLD,4000,25,Possible,nutrition (+25),,Australian ABN Bulk Extract
34235467285,NEWSTART NUTRITION & DIETETICS,Individual/Sole Trader,ACT,NON,QLD,4573,25,Possible,nutrition (+25),,Australian ABN Bulk Extract
34268015451,TRICHY NUTRITION,Individual/Sole Trader,ACT,ACT,SA,5352,25,Possible,nutrition (+25),,Australian ABN Bulk Extract
34330800522,Inside Out Nutrition and Dietetics,Individual/Sole Trader,ACT,NON,NSW,2550,25,Possible,nutrition (+25),,Australian ABN Bulk Extract
34352875289,1 PACK Nutrition,Individual/Sole Trader,ACT,NON,SA,5089,25,Possible,nutrition (+25),,Australian ABN Bulk Extract
34434409959,Radiance Nutrition Australia,Individual/Sole Trader,ACT,NON,VIC,3380,25,Possible,nutrition (+25),,Australian ABN Bulk Extract
34436625710,NUTRITION CONSULTANTACY SERVICE,Individual/Sole Trader,ACT,NON,VIC,3039,25,Possible,nutrition (+25),,Australian ABN Bulk Extract
34469678311,KYH Nutrition,Individual/Sole Trader,ACT,CAN,VIC,3057,25,Possible,nutrition (+25),,Australian ABN Bulk Extract
34475531031,Inner Bloom Nutrition,Individual/Sole Trader,ACT,NON,WA,6158,25,Possible,nutrition (+25),,Australian ABN Bulk Extract
34482323307,spicy nutrition,Individual/Sole Trader,ACT,NON,NSW,2068,25,Possible,nutrition (+25),,Australian ABN Bulk Extract
34484675563,DAILY FRESH FRUIT AND GROCERY SHOP,Individual/Sole Trader,ACT,ACT,VIC,3074,40,Good potential,grocery (+20); grocer (+20),,Australian ABN Bulk Extract
34501607117,SHAPESYNC NUTRITION,Individual/Sole Trader,ACT,NON,WA,6055,25,Possible,nutrition (+25),,Australian ABN Bulk Extract
34507255431,Multicultural grocery store,Individual/Sole Trader,ACT,ACT,WA,6069,40,Good potential,grocery (+20); grocer (+20),,Australian ABN Bulk Extract
34509127729,Learn Eat Live Nutrition,Individual/Sole Trader,ACT,ACT,WA,6027,25,Possible,nutrition (+25),,Australian ABN Bulk Extract
34531262588,VELAN GROCERY STORE,Individual/Sole Trader,ACT,ACT,VIC,3844,40,Good potential,grocery (+20); grocer (+20),,Australian ABN Bulk Extract
34535082527,Erica Cunningham Nutrition,Individual/Sole Trader,ACT,ACT,TAS,7310,25,Possible,nutrition (+25),,Australian ABN Bulk Extract
34543004770,Akora Nutrition,Individual/Sole Trader,ACT,NON,QLD,4034,25,Possible,nutrition (+25),,Australian ABN Bulk Extract
34544334121,Mindful Nutrition Hub,Individual/Sole Trader,ACT,ACT,VIC,3336,25,Possible,nutrition (+25),,Australian ABN Bulk Extract
34608761995,NUTRITION STATION MIRANDA PTY LTD,Australian Private Company,ACT,ACT,NSW,2228,25,Possible,nutrition (+25),,Australian ABN Bulk Extract
34617701069,FOOD SUPPLEMENTS INTERNATIONAL PTY LTD,Australian Private Company,ACT,ACT,QLD,4556,35,Possible,supplement (+25); food (+10),,Australian ABN Bulk Extract
34623006931,SUPERFOODS AUSTRALIA PTY LTD,Australian Private Company,ACT,ACT,NSW,2784,45,Good potential,superfood (+45),,Australian ABN Bulk Extract
34624230468,ACTIVE NUTRITION ADELAIDE PTY LTD,Australian Private Company,ACT,ACT,SA,5074,25,Possible,nutrition (+25),,Australian ABN Bulk Extract
34628437641,UNICORN SUPERFOODS PTY LTD,Australian Private Company,ACT,ACT,QLD,4226,45,Good potential,superfood (+45),,Australian ABN Bulk Extract
34632345432,DAYKUNDY GROCERY (SA ) PTY LTD,Australian Private Company,ACT,ACT,SA,5084,40,Good potential,grocery (+20); grocer (+20),,Australian ABN Bulk Extract
34632368560,KNOCKOUT NUTRITION ROUSE HILL PTY LTD,Australian Private Company,ACT,ACT,NSW,2155,25,Possible,nutrition (+25),,Australian ABN Bulk Extract
34641449470,INTENSITY SPORTS NUTRITION PTY LTD,Australian Private Company,ACT,ACT,WA,6055,25,Possible,nutrition (+25),,Australian ABN Bulk Extract
34643414438,DEADLY NUTRITION,Individual/Sole Trader,ACT,NON,QLD,4221,25,Possible,nutrition (+25),,Australian ABN Bulk Extract
34646359328,LOADED NUTRITION PTY LTD,Australian Private Company,ACT,ACT,WA,6232,25,Possible,nutrition (+25),,Australian ABN Bulk Extract
34649626442,NATURAL PRODUCTS AUSTRALIA PTY LTD,Australian Private Company,ACT,ACT,NSW,2219,35,Possible,natural products (+35),,Australian ABN Bulk Extract
34658880767,BABYLON GROCERY SHOP PTY LTD,Australian Private Company,ACT,CAN,NSW,2176,40,Good potential,grocery (+20); grocer (+20),,Australian ABN Bulk Extract
34662338123,GULLI FOOD DISTRIBUTORS PTY LTD,Australian Private Company,ACT,ACT,NSW,2000,40,Good potential,food distributor (+40),,Australian ABN Bulk Extract
34664754812,QI MA NUTRITION PTY LTD,Australian Private Company,ACT,ACT,NSW,2174,25,Possible,nutrition (+25),,Australian ABN Bulk Extract
34681081523,THE GROCERY SPOT HOLDING PTY LTD,Australian Private Company,ACT,NON,NSW,2140,40,Good potential,grocery (+20); grocer (+20),,Australian ABN Bulk Extract
34682258091,A.L.S. NUTRITION & WELLNESS CO PTY LTD,Australian Private Company,ACT,CAN,WA,6230,25,Possible,nutrition (+25),,Australian ABN Bulk Extract
34692773004,GOOD FOR YOU NATURAL PRODUCTS,Individual/Sole Trader,ACT,NON,VIC,3012,35,Possible,natural products (+35),,Australian ABN Bulk Extract
34696248870,EVERSTRONG NUTRITION PTY LTD,Australian Private Company,ACT,ACT,NSW,2173,25,Possible,nutrition (+25),,Australian ABN Bulk Extract
34696539223,SPORTS PERFORMANCE NUTRITION PTY LTD,Australian Private Company,ACT,ACT,QLD,4573,25,Possible,nutrition (+25),,Australian ABN Bulk Extract
34696619413,CSK NUTRITION PTY LIMITED,Australian Private Company,ACT,ACT,NSW,2221,25,Possible,nutrition (+25),,Australian ABN Bulk Extract
34697501492,PURE SUPPLEMENTS PTY LTD,Australian Private Company,ACT,ACT,VIC,3660,25,Possible,supplement (+25),,Australian ABN Bulk Extract
34812067503,RECONNECT WITH NUTRITION,Individual/Sole Trader,ACT,ACT,WA,6030,25,Possible,nutrition (+25),,Australian ABN Bulk Extract
34949472398,HANDS ON NUTRITION,Individual/Sole Trader,ACT,NON,VIC,3182,25,Possible,nutrition (+25),,Australian ABN Bulk Extract
34973071063,BLACK LOTUS NUTRITION,Individual/Sole Trader,ACT,NON,NSW,2640,25,Possible,nutrition (+25),,Australian ABN Bulk Extract
34980104638,ALLIES FOR COMBATING MALNUTRITION AND FAMINE,Other Unincorporated Entity,ACT,NON,SA,5017,25,Possible,nutrition (+25),,Australian ABN Bulk Extract
35078280445,Robinson Performance Nutrition,Individual/Sole Trader,ACT,NON,SA,5255,25,Possible,nutrition (+25),,Australian ABN Bulk Extract
35088227132,G N G NUTRITIONAL CONSULTANCY PTY LTD,Australian Private Company,ACT,ACT,NSW,2229,25,Possible,nutrition (+25),,Australian ABN Bulk Extract
35102946494,Aussieguard Natural Products Pty Ltd,Australian Private Company,ACT,ACT,NSW,2094,35,Possible,natural products (+35),,Australian ABN Bulk Extract
35128537980,A to Zinc Nutrition,Individual/Sole Trader,ACT,CAN,VIC,3191,25,Possible,nutrition (+25),,Australian ABN Bulk Extract
35130520509,The Trustee for EVERGREEN ORGANIC WHOLESALER UNIT TRUST,Fixed Unit Trust,ACT,ACT,NSW,2765,30,Possible,wholesale (+15); organic (+15),,Australian ABN Bulk Extract
35152131644,WNutrition,Individual/Sole Trader,ACT,CAN,QLD,4051,25,Possible,nutrition (+25),,Australian ABN Bulk Extract
35192497486,Su Luna Nutrition,Individual/Sole Trader,ACT,NON,NSW,2489,25,Possible,nutrition (+25),,Australian ABN Bulk Extract
35196568557,The Trustee for The Nutrition APAC Unit Trust,Discretionary Investment Trust,ACT,CAN,VIC,3008,25,Possible,nutrition (+25),,Australian ABN Bulk Extract
35275160055,Brisbane Paediatric Nutrition,Individual/Sole Trader,ACT,ACT,QLD,4017,25,Possible,nutrition (+25),,Australian ABN Bulk Extract
35278515453,Nutritional Vitality,Individual/Sole Trader,ACT,NON,NSW,2326,25,Possible,nutrition (+25),,Australian ABN Bulk Extract
35358919368,Preserve Nutrition,Individual/Sole Trader,ACT,NON,NSW,2230,25,Possible,nutrition (+25),,Australian ABN Bulk Extract
35431163759,XANADU NUTRITION,Individual/Sole Trader,ACT,NON,QLD,4221,25,Possible,nutrition (+25),,Australian ABN Bulk Extract
35454059501,THE REAL YOU - HEALTH AND NUTRITION,Individual/Sole Trader,ACT,ACT,VIC,3024,25,Possible,nutrition (+25),,Australian ABN Bulk Extract
35561597007,SNC - StrengthNutritionConditioning,Individual/Sole Trader,ACT,ACT,NSW,2218,25,Possible,nutrition (+25),,Australian ABN Bulk Extract
35563519542,COMPLEAT PERFORMANCE NUTRITION,Individual/Sole Trader,ACT,NON,QLD,4280,25,Possible,nutrition (+25),,Australian ABN Bulk Extract
35598599567,OKDD NUTRITION,Individual/Sole Trader,ACT,ACT,QLD,4505,25,Possible,nutrition (+25),,Australian ABN Bulk Extract
35603028717,BARGAIN DEPOT GROCERY CLEARANCE (EPPING) PTY LTD,Australian Private Company,ACT,ACT,VIC,3076,40,Good potential,grocery (+20); grocer (+20),,Australian ABN Bulk Extract
35606006213,BODY.MIND.NUTRITION PTY LTD,Australian Private Company,ACT,ACT,NSW,2582,25,Possible,nutrition (+25),,Australian ABN Bulk Extract
35639284668,MAGIC IMPORTER & DISTRIBUTOR,Individual/Sole Trader,ACT,ACT,WA,6018,25,Possible,distributor (+15); importer (+10),,Australian ABN Bulk Extract
35644081596,RECHARGE SUPERFOODS PTY LTD,Australian Private Company,ACT,CAN,VIC,3168,45,Good potential,superfood (+45),,Australian ABN Bulk Extract
35648931024,ADVANCED SUPPLEMENTS PTY LTD,Australian Private Company,ACT,NON,VIC,3082,25,Possible,supplement (+25),,Australian ABN Bulk Extract
35650946357,A2Z FOOD DISTRIBUTORS PTY LTD,Australian Private Company,ACT,ACT,NSW,2137,40,Good potential,food distributor (+40),,Australian ABN Bulk Extract
35657797807,KP ASIAN GROCERY PTY LTD,Australian Private Company,ACT,ACT,VIC,3021,40,Good potential,grocery (+20); grocer (+20),,Australian ABN Bulk Extract
35658184091,KOPILA GROCERY STORE PTY LTD,Australian Private Company,ACT,ACT,ACT,2606,40,Good potential,grocery (+20); grocer (+20),,Australian ABN Bulk Extract
35659165438,FORTUNE GROCERY WHOLESALE PTY LTD,Australian Private Company,ACT,ACT,VIC,3003,55,Good potential,grocery (+20); grocer (+20); wholesale (+15),,Australian ABN Bulk Extract
35669391262,RAJ SUPERFOODS PTY LTD,Australian Private Company,ACT,NON,VIC,3000,45,Good potential,superfood (+45),,Australian ABN Bulk Extract
35670312188,NATURAL HEALTH NUTRITION PRODUCTS (AUSTRALIA) PTY LTD,Australian Private Company,ACT,ACT,SA,5063,25,Possible,nutrition (+25),,Australian ABN Bulk Extract
35677490452,STAR GROCERY & VEGETABLES PTY LTD,Australian Private Company,ACT,ACT,NSW,2195,40,Good potential,grocery (+20); grocer (+20),,Australian ABN Bulk Extract
35679647719,BC NUTRITION AND DIETETICS,Individual/Sole Trader,ACT,CAN,QLD,4558,25,Possible,nutrition (+25),,Australian ABN Bulk Extract
35679696767,NUTRITION BY SHAYLA,Individual/Sole Trader,ACT,NON,WA,6103,25,Possible,nutrition (+25),,Australian ABN Bulk Extract
35688179854,RYSE SPORTS NUTRITION,Individual/Sole Trader,ACT,NON,QLD,4103,25,Possible,nutrition (+25),,Australian ABN Bulk Extract
35699350359,NOTHING BUT NUTRITION PTY LTD,Australian Private Company,ACT,ACT,NSW,2145,25,Possible,nutrition (+25),,Australian ABN Bulk Extract
35823998569,NURTURED NUTRITION & DIETETICS,Individual/Sole Trader,ACT,NON,ACT,2617,25,Possible,nutrition (+25),,Australian ABN Bulk Extract
35869969715,THE HEALTH & NUTRITION SERVICES UNIT TRUST NO 1,Other trust,ACT,ACT,VIC,3006,25,Possible,nutrition (+25),,Australian ABN Bulk Extract
35928490935,AMAZINGLY YUM NUTRITION,Individual/Sole Trader,ACT,NON,NSW,2259,25,Possible,nutrition (+25),,Australian ABN Bulk Extract
35960946582,K.I.S.S Nutrition,Individual/Sole Trader,ACT,NON,QLD,4179,25,Possible,nutrition (+25),,Australian ABN Bulk Extract
35970298842,NUTRITIONAL YOU,Individual/Sole Trader,ACT,ACT,SA,5074,25,Possible,nutrition (+25),,Australian ABN Bulk Extract
36000991793,DSM NUTRITIONAL PRODUCTS AUSTRALIA PTY LIMITED,Australian Private Company,ACT,ACT,NSW,2650,25,Possible,nutrition (+25),,Australian ABN Bulk Extract
36053786012,Boss Supplements,Individual/Sole Trader,ACT,NON,NSW,2283,25,Possible,supplement (+25),,Australian ABN Bulk Extract
36057046607,AUSTRALIAN DAIRY NUTRITIONALS LIMITED,Australian Public Company,ACT,ACT,VIC,3008,25,Possible,nutrition (+25),,Australian ABN Bulk Extract
36063317951,CARE NUTRITION AND COUNSELLING,Individual/Sole Trader,ACT,CAN,WA,6210,25,Possible,nutrition (+25),,Australian ABN Bulk Extract
36101295427,SZ ASIAN GROCERY,Individual/Sole Trader,ACT,CAN,NSW,2680,40,Good potential,grocery (+20); grocer (+20),,Australian ABN Bulk Extract
36110196323,The Trustee for UNDERGROUND NUTRITION TRADE,Discretionary Trading Trust,ACT,ACT,NSW,2470,25,Possible,nutrition (+25),,Australian ABN Bulk Extract
36112033716,GIZELLE WILSON NUTRITION CONSULTANT,Individual/Sole Trader,ACT,CAN,SA,5073,25,Possible,nutrition (+25),,Australian ABN Bulk Extract
36112707997,AEGLE NUTRITION,Individual/Sole Trader,ACT,NON,ACT,2914,25,Possible,nutrition (+25),,Australian ABN Bulk Extract
36145748983,GLOBAL WHOLESALERS & DISTRIBUTORS GROUP PTY LTD,Australian Private Company,ACT,ACT,NSW,2556,30,Possible,wholesale (+15); distributor (+15),,Australian ABN Bulk Extract
36163617783,Good Mood Superfood,Individual/Sole Trader,ACT,NON,VIC,3796,45,Good potential,superfood (+45),,Australian ABN Bulk Extract
36182032188,The Nutritionist Kitchen,Individual/Sole Trader,ACT,NON,NSW,2478,25,Possible,nutrition (+25),,Australian ABN Bulk Extract
36183836285,Newtown Nutrition,Individual/Sole Trader,ACT,ACT,VIC,3121,25,Possible,nutrition (+25),,Australian ABN Bulk Extract
36185366488,SCIENCE AND ART NUTRITION,Individual/Sole Trader,ACT,NON,NSW,2044,25,Possible,nutrition (+25),,Australian ABN Bulk Extract
36201030317,INTERNATIONAL SOCIETY FOR NUTRITIONAL PSYCHIATRY RESEARCH (ISNPR) INC,Other Incorporated Entity,ACT,NON,VIC,3220,25,Possible,nutrition (+25),,Australian ABN Bulk Extract
36233568686,Abyssinia Hair Salon and Grocery,Individual/Sole Trader,ACT,CAN,QLD,4114,40,Good potential,grocery (+20); grocer (+20),,Australian ABN Bulk Extract
36252567528,Mayde Health Nutrition Bar,Individual/Sole Trader,ACT,ACT,WA,6230,25,Possible,nutrition (+25),,Australian ABN Bulk Extract
36301034094,Maddy Bento The Country Nutritionist,Individual/Sole Trader,ACT,CAN,QLD,4390,25,Possible,nutrition (+25),,Australian ABN Bulk Extract
36302452895,Nekta Nutrition Limited,Other Incorporated Entity,ACT,ACT,,2104,25,Possible,nutrition (+25),,Australian ABN Bulk Extract
36318764514,Nourish Nutrition & Dietetics,Individual/Sole Trader,ACT,CAN,QLD,4075,25,Possible,nutrition (+25),,Australian ABN Bulk Extract
36359445722,LOLA GANDA ASIAN GROCERY,Individual/Sole Trader,ACT,NON,VIC,3465,40,Good potential,grocery (+20); grocer (+20),,Australian ABN Bulk Extract
36407752075,Natural Pet Supplements,Individual/Sole Trader,ACT,ACT,WA,6163,25,Possible,supplement (+25),,Australian ABN Bulk Extract
36409310391,EF Nutrition,Individual/Sole Trader,ACT,CAN,WA,6156,25,Possible,nutrition (+25),,Australian ABN Bulk Extract
36410434822,B NOURISHED NUTRITION,Individual/Sole Trader,ACT,NON,NSW,2096,25,Possible,nutrition (+25),,Australian ABN Bulk Extract
36411318758,TERESA BOYCE NUTRITIONAL MEDICINE PRACTITIONER,Individual/Sole Trader,ACT,ACT,NSW,2089,25,Possible,nutrition (+25),,Australian ABN Bulk Extract
36416147034,LIANA MADERA NATUROPATHY AND NUTRITION,Individual/Sole Trader,ACT,ACT,NSW,2205,25,Possible,nutrition (+25),,Australian ABN Bulk Extract
36458637026,Riverland Balanced Nutrition,Individual/Sole Trader,ACT,ACT,SA,5333,25,Possible,nutrition (+25),,Australian ABN Bulk Extract
36498745283,METHYLCARE NUTRITION,Individual/Sole Trader,ACT,NON,NSW,2220,25,Possible,nutrition (+25),,Australian ABN Bulk Extract
36506828613,Nutrition Your Life,Individual/Sole Trader,ACT,NON,NSW,2179,25,Possible,nutrition (+25),,Australian ABN Bulk Extract
36510182628,EXTREME SUPERFOODS,Individual/Sole Trader,ACT,CAN,WA,6076,45,Good potential,superfood (+45),,Australian ABN Bulk Extract
36515103508,Rochelle Jillett - Massage Therapist & Nutritionist,Individual/Sole Trader,ACT,NON,NSW,2250,25,Possible,nutrition (+25),,Australian ABN Bulk Extract
36522043426,OCT GROCERY,Individual/Sole Trader,ACT,ACT,NSW,2210,40,Good potential,grocery (+20); grocer (+20),,Australian ABN Bulk Extract
36548448076,EASY NUTRITION,Individual/Sole Trader,ACT,ACT,QLD,4019,25,Possible,nutrition (+25),,Australian ABN Bulk Extract
36600509017,M. NUTRITION MUSCLE CLUB,Individual/Sole Trader,ACT,ACT,QLD,4109,25,Possible,nutrition (+25),,Australian ABN Bulk Extract
36607857607,NUZEST NATURAL PRODUCTS PTY LTD,Australian Private Company,ACT,ACT,NSW,2011,35,Possible,natural products (+35),,Australian ABN Bulk Extract
36618433766,SUPERFOOD ENTERPRISES PTY LTD,Australian Private Company,ACT,ACT,NSW,2216,45,Good potential,superfood (+45),,Australian ABN Bulk Extract
36633448736,INDIAN GROCERY WAREHOUSE PTY LTD,Australian Private Company,ACT,ACT,NSW,2118,40,Good potential,grocery (+20); grocer (+20),,Australian ABN Bulk Extract
36639735541,ORGANIC FOOD BRANDS PTY LTD,Australian Private Company,ACT,ACT,QLD,4221,40,Good potential,organic food (+40),,Australian ABN Bulk Extract
36666955666,MY NUTRITION PROJECT PTY LTD,Australian Private Company,ACT,ACT,VIC,3807,25,Possible,nutrition (+25),,Australian ABN Bulk Extract
36672077971,THE MOVEMENT NUTRITIONIST,Individual/Sole Trader,ACT,NON,NSW,2852,25,Possible,nutrition (+25),,Australian ABN Bulk Extract
36681749495,STRAPPED SUPPLEMENTS PTY LTD,Australian Private Company,ACT,ACT,QLD,4122,25,Possible,supplement (+25),,Australian ABN Bulk Extract
36684767566,KC NUTRITION PTY LTD,Australian Private Company,ACT,NON,VIC,3753,25,Possible,nutrition (+25),,Australian ABN Bulk Extract
36687227461,SUNDA SUPPLEMENTS PTY LTD,Australian Private Company,ACT,NON,QLD,4221,25,Possible,supplement (+25),,Australian ABN Bulk Extract
36688727219,AAMA ASIAN GROCERY PTY LTD,Australian Private Company,ACT,ACT,TAS,7018,40,Good potential,grocery (+20); grocer (+20),,Australian ABN Bulk Extract
36691927518,STROM SPORTS NUTRITION PTY LTD,Australian Private Company,ACT,ACT,QLD,4127,25,Possible,nutrition (+25),,Australian ABN Bulk Extract
36693398926,FLOURISH NUTRITION PTY LTD,Australian Private Company,ACT,NON,NSW,2096,25,Possible,nutrition (+25),,Australian ABN Bulk Extract
36736508741,Wellness Nutrition Solutions,Individual/Sole Trader,ACT,NON,QLD,4005,25,Possible,nutrition (+25),,Australian ABN Bulk Extract
36806750148,The trustee for Supplement Hub Unit Trust,Fixed Trust,ACT,ACT,QLD,4208,25,Possible,supplement (+25),,Australian ABN Bulk Extract
36816378288,HEALING RAY NUTRITION,Individual/Sole Trader,ACT,ACT,VIC,3123,25,Possible,nutrition (+25),,Australian ABN Bulk Extract
36824498760,THG Nutrition Poland s.p. z.o.o.,Other Incorporated Entity,ACT,ACT,,,25,Possible,nutrition (+25),,Australian ABN Bulk Extract
36832366187,MoonDrops Wholesale Importers,Individual/Sole Trader,ACT,NON,NSW,2261,25,Possible,wholesale (+15); importer (+10),,Australian ABN Bulk Extract
36855700290,FAMILY FIRST NUTRITION,Individual/Sole Trader,ACT,NON,QLD,4123,25,Possible,nutrition (+25),,Australian ABN Bulk Extract
36873564186,KEEP PUSHIN SUPPLEMENTS,Individual/Sole Trader,ACT,NON,QLD,4226,25,Possible,supplement (+25),,Australian ABN Bulk Extract
36879519959,The trustee for Grocery Shop Trust,Discretionary Trading Trust,ACT,CAN,VIC,3073,40,Good potential,grocery (+20); grocer (+20),,Australian ABN Bulk Extract
36949218267,NUTRITIONIST BRUNA ALBUQUERQUE,Individual/Sole Trader,ACT,CAN,SA,5043,25,Possible,nutrition (+25),,Australian ABN Bulk Extract
36977330257,The Trustee for N4 NUTRITION TRUST,Discretionary Services Management Trust,ACT,CAN,VIC,3123,25,Possible,nutrition (+25),,Australian ABN Bulk Extract
36984712964,EC. NUTRITION,Individual/Sole Trader,ACT,NON,QLD,4802,25,Possible,nutrition (+25),,Australian ABN Bulk Extract
37005608355,HEALTH & NUTRITION SERVICES PTY. LTD.,Australian Private Company,ACT,NON,VIC,3206,25,Possible,nutrition (+25),,Australian ABN Bulk Extract
37009323258,Certainty Nutrition,Individual/Sole Trader,ACT,NON,WA,6065,25,Possible,nutrition (+25),,Australian ABN Bulk Extract
37045229548,LIDCOMBE HEALTH FOOD SUPPLIER,Individual/Sole Trader,ACT,ACT,NSW,2141,40,Good potential,health food (+40),,Australian ABN Bulk Extract
37093955180,NUTRITION U&ME,Individual/Sole Trader,ACT,ACT,NSW,2072,25,Possible,nutrition (+25),,Australian ABN Bulk Extract
37150740651,CRANEBROOK ANIMAL NUTRITION,Individual/Sole Trader,ACT,NON,NSW,2749,25,Possible,nutrition (+25),,Australian ABN Bulk Extract
37208597110,Dialogue Nutrition,Individual/Sole Trader,ACT,NON,QLD,4213,25,Possible,nutrition (+25),,Australian ABN Bulk Extract
37237278496,ELI TON NUTRITION SNACKS,Individual/Sole Trader,ACT,ACT,NSW,2212,25,Possible,nutrition (+25),,Australian ABN Bulk Extract
37276478922,KATY BRADLEY NUTRITION,Individual/Sole Trader,ACT,NON,QLD,4223,25,Possible,nutrition (+25),,Australian ABN Bulk Extract
37304960725,Marchon Supplements Ltd,Other Incorporated Entity,ACT,ACT,,AL5 4SJ,25,Possible,supplement (+25),,Australian ABN Bulk Extract
37364357113,Better Health Nutrition,Individual/Sole Trader,ACT,CAN,VIC,3046,25,Possible,nutrition (+25),,Australian ABN Bulk Extract
37366813788,VIRTUS NUTRITION,Individual/Sole Trader,ACT,NON,SA,5114,25,Possible,nutrition (+25),,Australian ABN Bulk Extract
37470651825,ELITE ATHLETE NUTRITION,Individual/Sole Trader,ACT,ACT,TAS,7005,25,Possible,nutrition (+25),,Australian ABN Bulk Extract
37507732653,Intake Nutrition,Individual/Sole Trader,ACT,CAN,QLD,4221,25,Possible,nutrition (+25),,Australian ABN Bulk Extract
37511862378,KH PERFORMANCE NUTRITION,Individual/Sole Trader,ACT,NON,QLD,4560,25,Possible,nutrition (+25),,Australian ABN Bulk Extract
37550834486,cj nutrition and health coach,Individual/Sole Trader,ACT,NON,VIC,3922,25,Possible,nutrition (+25),,Australian ABN Bulk Extract
37551735417,MOTIVATE NUTRITION,Individual/Sole Trader,ACT,ACT,NSW,2750,25,Possible,nutrition (+25),,Australian ABN Bulk Extract
37566706944,Limitless - Training & Nutrition,Individual/Sole Trader,ACT,NON,NSW,2162,25,Possible,nutrition (+25),,Australian ABN Bulk Extract
37603709137,INUTRITION PRO PTY LTD,Australian Private Company,ACT,CAN,NSW,2251,25,Possible,nutrition (+25),,Australian ABN Bulk Extract
37608908063,CHANDA GROCERY BAZAAR,Individual/Sole Trader,ACT,CAN,VIC,3975,40,Good potential,grocery (+20); grocer (+20),,Australian ABN Bulk Extract
37618213014,CROSS COLLECTIVE NUTRITION,Individual/Sole Trader,ACT,NON,VIC,3995,25,Possible,nutrition (+25),,Australian ABN Bulk Extract
37622193337,COMPEAT NUTRITION HOLDINGS PTY LTD,Australian Private Company,ACT,CAN,NSW,2298,25,Possible,nutrition (+25),,Australian ABN Bulk Extract
37632881746,OXENFORD ASIAN FOOD & GROCERY PTY LTD,Australian Private Company,ACT,ACT,QLD,4210,50,Good potential,grocery (+20); grocer (+20); food (+10),,Australian ABN Bulk Extract
37643310847,BAREBODHI SUPERFOODS PTY LTD,Australian Private Company,ACT,NON,NSW,2096,45,Good potential,superfood (+45),,Australian ABN Bulk Extract
37643499593,Leigh Webber Functional Nutritionist,Individual/Sole Trader,ACT,NON,NSW,2540,25,Possible,nutrition (+25),,Australian ABN Bulk Extract
37653674009,VICE VERSA NUTRITION PTY LTD,Australian Private Company,ACT,CAN,SA,5061,25,Possible,nutrition (+25),,Australian ABN Bulk Extract
37656502966,THE WONG GROCERY PTY LTD,Australian Private Company,ACT,ACT,VIC,3977,40,Good potential,grocery (+20); grocer (+20),,Australian ABN Bulk Extract
37662778047,SUMMERLANE NUTRITION AUSTRALIA PTY LTD,Australian Private Company,ACT,ACT,WA,6233,25,Possible,nutrition (+25),,Australian ABN Bulk Extract
37669839212,AKI FOOD DISTRIBUTORS PTY LTD,Australian Private Company,ACT,ACT,VIC,3175,40,Good potential,food distributor (+40),,Australian ABN Bulk Extract
37680440448,ZOO NUTRITION SERVICES PTY LTD,Australian Private Company,ACT,NON,NSW,2101,25,Possible,nutrition (+25),,Australian ABN Bulk Extract
37682105371,GOOD PERFORMANCE NUTRITION PTY LTD,Australian Private Company,ACT,NON,QLD,4221,25,Possible,nutrition (+25),,Australian ABN Bulk Extract
37691912937,HASSAM SAAD MIXED BUSINESS AND GROCERY PTY LTD,Australian Private Company,ACT,ACT,NSW,2168,40,Good potential,grocery (+20); grocer (+20),,Australian ABN Bulk Extract
37692089517,APEX NUTRITION & PERFORMANCE COACHING PTY LTD,Australian Private Company,ACT,ACT,QLD,4511,25,Possible,nutrition (+25),,Australian ABN Bulk Extract
37723018816,ILLAWARRA NUTRITION AND DIET THERAPY SERVICE,Individual/Sole Trader,ACT,ACT,NSW,2500,25,Possible,nutrition (+25),,Australian ABN Bulk Extract
37731381979,RDI Nutrition,Individual/Sole Trader,ACT,NON,VIC,3630,25,Possible,nutrition (+25),,Australian ABN Bulk Extract
37765449851,SLIM-NUTRITION,Individual/Sole Trader,ACT,ACT,WA,6030,25,Possible,nutrition (+25),,Australian ABN Bulk Extract
37849267468,OWNUTRITION,Individual/Sole Trader,ACT,NON,VIC,3085,25,Possible,nutrition (+25),,Australian ABN Bulk Extract
37864037359,NUTRITION WITCH,Individual/Sole Trader,ACT,ACT,VIC,3358,25,Possible,nutrition (+25),,Australian ABN Bulk Extract
37864592636,Nutrition by Liana,Individual/Sole Trader,ACT,NON,SA,5069,25,Possible,nutrition (+25),,Australian ABN Bulk Extract
37903798439,THE BEE'S KNEES NUTRITION,Individual/Sole Trader,ACT,NON,QLD,4053,25,Possible,nutrition (+25),,Australian ABN Bulk Extract
37903850884,Flipside Nutrition,Individual/Sole Trader,ACT,ACT,QLD,4179,25,Possible,nutrition (+25),,Australian ABN Bulk Extract
37922602601,ZEAL NUTRITION,Individual/Sole Trader,ACT,NON,NSW,2099,25,Possible,nutrition (+25),,Australian ABN Bulk Extract
37924559436,The trustee for New Life Nutrition Trust,Discretionary Trading Trust,ACT,ACT,QLD,4152,25,Possible,nutrition (+25),,Australian ABN Bulk Extract
37930443514,EATWELL NUTRITION & DIETETICS,Individual/Sole Trader,ACT,ACT,VIC,3140,25,Possible,nutrition (+25),,Australian ABN Bulk Extract
37951069203,KYND NUTRITION CO.,Individual/Sole Trader,ACT,NON,QLD,4218,25,Possible,nutrition (+25),,Australian ABN Bulk Extract
37963546740,Nourish & Thrive Nutrition,Individual/Sole Trader,ACT,CAN,NSW,2765,25,Possible,nutrition (+25),,Australian ABN Bulk Extract
37967174519,BISTOON GROCERY SHOP,Individual/Sole Trader,ACT,ACT,TAS,7008,40,Good potential,grocery (+20); grocer (+20),,Australian ABN Bulk Extract
38036316518,Stuart Main Exercise & Nutrition Consultant,Individual/Sole Trader,ACT,CAN,SA,5067,25,Possible,nutrition (+25),,Australian ABN Bulk Extract
38098229095,ORGANIC FOODS OF AUSTRALIA PTY LTD,Australian Private Company,ACT,CAN,VIC,3141,40,Good potential,organic food (+40),,Australian ABN Bulk Extract
38098923082,SEAFORTH GROCERY,Individual/Sole Trader,ACT,ACT,NSW,2250,40,Good potential,grocery (+20); grocer (+20),,Australian ABN Bulk Extract
38116661806,Science Nutrition Pty Ltd,Australian Private Company,ACT,ACT,NSW,2291,25,Possible,nutrition (+25),,Australian ABN Bulk Extract
38124729406,PACIFIC GREEN GROCERY PTY. LTD.,Australian Private Company,ACT,ACT,NSW,2760,40,Good potential,grocery (+20); grocer (+20),,Australian ABN Bulk Extract
38127057945,Laligurans Grocery Store,Individual/Sole Trader,ACT,ACT,VIC,3061,40,Good potential,grocery (+20); grocer (+20),,Australian ABN Bulk Extract
38156444594,Nutrition Experts Pty Ltd,Australian Private Company,ACT,ACT,NSW,2785,25,Possible,nutrition (+25),,Australian ABN Bulk Extract
38159133794,NUTRITION REPUBLIC PTY LTD,Australian Private Company,ACT,ACT,SA,5023,25,Possible,nutrition (+25),,Australian ABN Bulk Extract
38164517864,SCHMITT NUTRITION PTY LTD,Australian Private Company,ACT,ACT,VIC,3691,25,Possible,nutrition (+25),,Australian ABN Bulk Extract
38175539626,LIFESTYLE & WELLBEING NUTRITION- EDUCATION CONSULTING SERVICES,Individual/Sole Trader,ACT,NON,VIC,3041,25,Possible,nutrition (+25),,Australian ABN Bulk Extract
38181188280,CATHERINE KEANE NUTRITION,Individual/Sole Trader,ACT,NON,WA,6014,25,Possible,nutrition (+25),,Australian ABN Bulk Extract
38197163629,EMMA KRIEG NUTRITION,Individual/Sole Trader,ACT,NON,SA,5022,25,Possible,nutrition (+25),,Australian ABN Bulk Extract
38208064026,Georgie Gunn Nutrition,Individual/Sole Trader,ACT,NON,NSW,2011,25,Possible,nutrition (+25),,Australian ABN Bulk Extract
38234041860,JT's Asian Grocery,Individual/Sole Trader,ACT,ACT,NSW,2324,40,Good potential,grocery (+20); grocer (+20),,Australian ABN Bulk Extract
38256367550,EVERYBODY NUTRITION,Individual/Sole Trader,ACT,NON,NSW,2750,25,Possible,nutrition (+25),,Australian ABN Bulk Extract
38285769632,ALEX BELL NUTRITION,Individual/Sole Trader,ACT,NON,VIC,3006,25,Possible,nutrition (+25),,Australian ABN Bulk Extract
38302495958,TAMZ TRAINING AND NUTRITION,Individual/Sole Trader,ACT,NON,WA,6530,25,Possible,nutrition (+25),,Australian ABN Bulk Extract
38303295850,NATURALLY NOURISHED NUTRITION,Individual/Sole Trader,ACT,NON,TAS,7017,25,Possible,nutrition (+25),,Australian ABN Bulk Extract
38313505759,CORE BALANCE NUTRITION,Individual/Sole Trader,ACT,NON,VIC,3030,25,Possible,nutrition (+25),,Australian ABN Bulk Extract
38320232847,ELIZABETH LOUISE NUTRITION,Individual/Sole Trader,ACT,NON,NSW,2578,25,Possible,nutrition (+25),,Australian ABN Bulk Extract
38413706707,vishaw grocery store,Individual/Sole Trader,ACT,ACT,VIC,3690,40,Good potential,grocery (+20); grocer (+20),,Australian ABN Bulk Extract
38461154013,B'ACTIVE HEALTH & NUTRITION,Individual/Sole Trader,ACT,ACT,NSW,2795,25,Possible,nutrition (+25),,Australian ABN Bulk Extract
38490756370,The Trustee for Eight Nutrition Trust,Discretionary Trading Trust,ACT,NON,VIC,3149,25,Possible,nutrition (+25),,Australian ABN Bulk Extract
38492807565,JK Wellness and Nutrition,Individual/Sole Trader,ACT,NON,VIC,3175,25,Possible,nutrition (+25),,Australian ABN Bulk Extract
38507943538,SNOWY MOUNTAINS NUTRITION,Individual/Sole Trader,ACT,ACT,NSW,2628,25,Possible,nutrition (+25),,Australian ABN Bulk Extract
38520750443,PLIANT NUTRITION,Individual/Sole Trader,ACT,NON,TAS,7250,25,Possible,nutrition (+25),,Australian ABN Bulk Extract
38566706150,Compound Training and Nutrition,Individual/Sole Trader,ACT,ACT,TAS,7050,25,Possible,nutrition (+25),,Australian ABN Bulk Extract
38582361397,Shapeshifter Supplements,Individual/Sole Trader,ACT,NON,WA,6056,25,Possible,supplement (+25),,Australian ABN Bulk Extract
38619799969,AUSTRALIAN ESSENCE NUTRITION LABS PTY LTD,Australian Private Company,ACT,ACT,NSW,2000,25,Possible,nutrition (+25),,Australian ABN Bulk Extract
38620841830,GROCERYKART PTY LTD,Australian Private Company,ACT,ACT,NSW,2557,40,Good potential,grocery (+20); grocer (+20),,Australian ABN Bulk Extract
38628024181,DECADENCE HEALTH FOOD,Individual/Sole Trader,ACT,ACT,NSW,2019,40,Good potential,health food (+40),,Australian ABN Bulk Extract
38628980807,NUTRITION BOSS FIGTREE PTY LTD,Australian Private Company,ACT,ACT,NSW,2525,25,Possible,nutrition (+25),,Australian ABN Bulk Extract
38649810319,AUSTRALIAN SPORTS NUTRITION MACKAY PTY LTD,Australian Private Company,ACT,ACT,QLD,4740,25,Possible,nutrition (+25),,Australian ABN Bulk Extract
38657890965,VIVIFICA NUTRITION PTY LTD.,Australian Private Company,ACT,NON,QLD,4179,25,Possible,nutrition (+25),,Australian ABN Bulk Extract
38664607917,DO IT RIGHT NUTRITION & DIETETICS,Individual/Sole Trader,ACT,NON,QLD,4341,25,Possible,nutrition (+25),,Australian ABN Bulk Extract
38668966916,CRYSTAL AUSTIN NUTRITION PTY LTD,Australian Private Company,ACT,ACT,QLD,4220,25,Possible,nutrition (+25),,Australian ABN Bulk Extract
38673955102,New Seasons Nutrition,Individual/Sole Trader,ACT,NON,WA,6280,25,Possible,nutrition (+25),,Australian ABN Bulk Extract
38676879806,INFANT NUTRITION CANNING AUSTRALIA PTY LTD,Australian Private Company,ACT,ACT,VIC,3616,25,Possible,nutrition (+25),,Australian ABN Bulk Extract
38691716042,SOUTHLAKES GROCERY PTY LTD,Australian Private Company,ACT,NON,NSW,2830,40,Good potential,grocery (+20); grocer (+20),,Australian ABN Bulk Extract
38694728955,NEBULA NUTRITION PTY LTD,Australian Private Company,ACT,ACT,NSW,2000,25,Possible,nutrition (+25),,Australian ABN Bulk Extract
38697961612,NUTRITION STUDIO COLLECTIVE PTY LTD,Australian Private Company,ACT,ACT,QLD,4209,25,Possible,nutrition (+25),,Australian ABN Bulk Extract
38714309495,NUTRITION BY SHULAMIT,Individual/Sole Trader,ACT,NON,VIC,3161,25,Possible,nutrition (+25),,Australian ABN Bulk Extract
38744319213,Bump to Bundle Nutrition,Individual/Sole Trader,ACT,NON,NSW,2763,25,Possible,nutrition (+25),,Australian ABN Bulk Extract
38751552707,SUE ADAM - NUTRITIONAL SOLUTIONS,Individual/Sole Trader,ACT,CAN,VIC,3220,25,Possible,nutrition (+25),,Australian ABN Bulk Extract
38876906298,NUTRITION BY JESS,Individual/Sole Trader,ACT,NON,QLD,4226,25,Possible,nutrition (+25),,Australian ABN Bulk Extract
38915720316,Quench Nutrition,Individual/Sole Trader,ACT,NON,SA,5108,25,Possible,nutrition (+25),,Australian ABN Bulk Extract
38917143324,NOURISH THY SOUL NUTRITION,Individual/Sole Trader,ACT,NON,VIC,3756,25,Possible,nutrition (+25),,Australian ABN Bulk Extract
38943762926,KARRATHA SUPPLEMENTS,Individual/Sole Trader,ACT,NON,WA,6714,25,Possible,supplement (+25),,Australian ABN Bulk Extract
38998584083,ZOE TAYLOR NUTRITION,Individual/Sole Trader,ACT,NON,QLD,4304,25,Possible,nutrition (+25),,Australian ABN Bulk Extract
39100678064,GOOD FOOD DISTRIBUTORS PTY LIMITED,Australian Private Company,ACT,ACT,NSW,2317,40,Good potential,food distributor (+40),,Australian ABN Bulk Extract
39103507108,BREEONIE MCMASTER NUTRITION AND DIETETICS,Individual/Sole Trader,ACT,NON,WA,6030,25,Possible,nutrition (+25),,Australian ABN Bulk Extract
39137050850,Whole Health Nutrition Co.,Individual/Sole Trader,ACT,CAN,NSW,2081,25,Possible,nutrition (+25),,Australian ABN Bulk Extract
39179562339,JBEEZ NATURAL PRODUCTS,Individual/Sole Trader,ACT,CAN,QLD,4680,35,Possible,natural products (+35),,Australian ABN Bulk Extract
39199566963,BayFit Nutrition,Individual/Sole Trader,ACT,NON,QLD,4655,25,Possible,nutrition (+25),,Australian ABN Bulk Extract
39225137928,The Trustee for F & H Supplements Trust,Discretionary Trading Trust,ACT,ACT,VIC,3337,25,Possible,supplement (+25),,Australian ABN Bulk Extract
39228710493,FIZZED SUPPLEMENTS,Individual/Sole Trader,ACT,ACT,QLD,4115,25,Possible,supplement (+25),,Australian ABN Bulk Extract
39365034190,SHAKTI NUTRITION STUDIO,Individual/Sole Trader,ACT,NON,NSW,2067,25,Possible,nutrition (+25),,Australian ABN Bulk Extract
39407184354,BAHAR GROCERY,Individual/Sole Trader,ACT,ACT,VIC,3175,40,Good potential,grocery (+20); grocer (+20),,Australian ABN Bulk Extract
39432617382,Kickstart Health and Nutrition,Individual/Sole Trader,ACT,CAN,VIC,3218,25,Possible,nutrition (+25),,Australian ABN Bulk Extract
39474393122,stoichi nutrition,Individual/Sole Trader,ACT,NON,SA,5038,25,Possible,nutrition (+25),,Australian ABN Bulk Extract
39479188796,TICKLE MY TASTEBUDS FOOD AND NUTRITION CONSULTANCY,Individual/Sole Trader,ACT,NON,NSW,2250,35,Possible,nutrition (+25); food (+10),,Australian ABN Bulk Extract
39504889411,TAKING BACK NUTRITION,Individual/Sole Trader,ACT,NON,NSW,2500,25,Possible,nutrition (+25),,Australian ABN Bulk Extract
39512398780,ENCOMPASS NUTRITION EXERCISE STRENGTH & WELLNESS,Individual/Sole Trader,ACT,ACT,VIC,3812,25,Possible,nutrition (+25),,Australian ABN Bulk Extract
39543610403,Somato Nutrition Dietetics,Individual/Sole Trader,ACT,NON,QLD,4500,25,Possible,nutrition (+25),,Australian ABN Bulk Extract
39604033945,E AND F GROCERY PTY LTD,Australian Private Company,ACT,NON,SA,5084,40,Good potential,grocery (+20); grocer (+20),,Australian ABN Bulk Extract
39624362974,FUTURE SUPPLEMENTS PTY LIMITED,Australian Private Company,ACT,ACT,QLD,4212,25,Possible,supplement (+25),,Australian ABN Bulk Extract
39624955095,REAL SMART NUTRITION PTY LTD,Australian Private Company,ACT,NON,NSW,2487,25,Possible,nutrition (+25),,Australian ABN Bulk Extract
39632309436,NEPALI GROCERY SUPPLIERS PTY. LTD,Australian Private Company,ACT,ACT,ACT,2912,40,Good potential,grocery (+20); grocer (+20),,Australian ABN Bulk Extract
39646650071,ADELAIDE NUTRITION PTY LTD,Australian Private Company,ACT,ACT,SA,5000,25,Possible,nutrition (+25),,Australian ABN Bulk Extract
39652826385,ADVANCED NUTRITION SERVICES PTY. LTD.,Australian Private Company,ACT,ACT,VIC,3065,25,Possible,nutrition (+25),,Australian ABN Bulk Extract
39652983649,Raw Supplements,Individual/Sole Trader,ACT,CAN,WA,6233,25,Possible,supplement (+25),,Australian ABN Bulk Extract
39659752280,FOX SUPPLEMENTS PTY LTD,Australian Private Company,ACT,ACT,QLD,4152,25,Possible,supplement (+25),,Australian ABN Bulk Extract
39665092426,FRONTLINE NUTRITION,Individual/Sole Trader,ACT,NON,NSW,2097,25,Possible,nutrition (+25),,Australian ABN Bulk Extract
39677297317,SHANDONG LAOMIANWANG ORGANIC FOOD PTY LTD,Australian Private Company,ACT,ACT,NSW,2194,40,Good potential,organic food (+40),,Australian ABN Bulk Extract
39677700686,ASCEND SUPPLEMENTS PTY LTD,Australian Private Company,ACT,ACT,QLD,4218,25,Possible,supplement (+25),,Australian ABN Bulk Extract
39678411802,PET SUPPLEMENTS PTY LTD,Australian Private Company,ACT,CAN,QLD,4575,25,Possible,supplement (+25),,Australian ABN Bulk Extract
39681872122,WORLD GROCERY STORE PTY LTD,Australian Private Company,ACT,ACT,VIC,3023,40,Good potential,grocery (+20); grocer (+20),,Australian ABN Bulk Extract
39688106756,SUPPLEMENT WHOLESALERS - BLACKTOWN PTY LTD,Australian Private Company,ACT,ACT,NSW,2148,40,Good potential,supplement (+25); wholesale (+15),,Australian ABN Bulk Extract
39693368900,SI GROCERY PTY LTD,Australian Private Company,ACT,ACT,VIC,3975,40,Good potential,grocery (+20); grocer (+20),,Australian ABN Bulk Extract
39693978031,NAMASTE ASIAN GROCERY PTY LTD,Australian Private Company,ACT,ACT,ACT,2615,40,Good potential,grocery (+20); grocer (+20),,Australian ABN Bulk Extract
39698475151,MERSA GROCERY PTY LTD,Australian Private Company,ACT,ACT,VIC,3020,40,Good potential,grocery (+20); grocer (+20),,Australian ABN Bulk Extract
39712903059,AQUANUTRITION SERVICES,Individual/Sole Trader,ACT,NON,QLD,4165,25,Possible,nutrition (+25),,Australian ABN Bulk Extract
39801131008,KERRI TODD NUTRITION,Individual/Sole Trader,ACT,NON,QLD,4217,25,Possible,nutrition (+25),,Australian ABN Bulk Extract
39807177410,Flourishing Families Holistic Nutrition,Individual/Sole Trader,ACT,NON,NSW,2519,25,Possible,nutrition (+25),,Australian ABN Bulk Extract
39813998894,CERTIFIED NUTRITION,Individual/Sole Trader,ACT,NON,NSW,2046,25,Possible,nutrition (+25),,Australian ABN Bulk Extract
39859434646,LITTLE LOVES NUTRITION,Individual/Sole Trader,ACT,NON,VIC,3806,25,Possible,nutrition (+25),,Australian ABN Bulk Extract
39881950864,EMERSON AGENCIES & WHOLESALE DISTRIBUTORS,Other Partnership,ACT,CAN,QLD,4006,30,Possible,wholesale (+15); distributor (+15),,Australian ABN Bulk Extract
39892793486,BENDIGO KAREN GROCERY STORE,Individual/Sole Trader,ACT,ACT,VIC,3555,40,Good potential,grocery (+20); grocer (+20),,Australian ABN Bulk Extract
39904786729,Axion Nutrition,Individual/Sole Trader,ACT,NON,QLD,4122,25,Possible,nutrition (+25),,Australian ABN Bulk Extract
39911646079,Thanh Long Grocery,Individual/Sole Trader,ACT,CAN,NSW,2200,40,Good potential,grocery (+20); grocer (+20),,Australian ABN Bulk Extract
39922017163,Hilton Melder- Nutrition for life,Individual/Sole Trader,ACT,NON,VIC,3912,25,Possible,nutrition (+25),,Australian ABN Bulk Extract
39927163309,FOODCORE NUTRITION SERVICES INCORPORATED,Other Incorporated Entity,ACT,ACT,WA,6004,35,Possible,nutrition (+25); food (+10),,Australian ABN Bulk Extract
39936799328,VISIBLE WELLNESS NUTRITION,Individual/Sole Trader,ACT,NON,VIC,3081,25,Possible,nutrition (+25),,Australian ABN Bulk Extract
39952436006,Love Thy Food Nutritionist,Individual/Sole Trader,ACT,NON,NSW,2777,35,Possible,nutrition (+25); food (+10),,Australian ABN Bulk Extract
39954586205,enrich nutrition.,Individual/Sole Trader,ACT,ACT,WA,6064,25,Possible,nutrition (+25),,Australian ABN Bulk Extract
40055879000,STEGGALL NUTRITION PTY LTD,Australian Private Company,ACT,CAN,QLD,4207,25,Possible,nutrition (+25),,Australian ABN Bulk Extract
40131123021,WHOLESALE & WAREHOUSING DISTRIBUTORS NT PTY LTD,Australian Private Company,ACT,CAN,NT,0829,30,Possible,wholesale (+15); distributor (+15),,Australian ABN Bulk Extract
40136591908,ENDOCRINE NUTRITION,Individual/Sole Trader,ACT,NON,VIC,3102,25,Possible,nutrition (+25),,Australian ABN Bulk Extract
40152286489,BEER IMPORTERS AND DISTRIBUTORS QUEENSLAND PTY LTD,Australian Private Company,ACT,ACT,QLD,4059,25,Possible,distributor (+15); importer (+10),,Australian ABN Bulk Extract
40163004950,AMPLIFY NUTRITION,Individual/Sole Trader,ACT,NON,NSW,2594,25,Possible,nutrition (+25),,Australian ABN Bulk Extract
40168951899,CLEARSKIN NUTRITION PTY LTD,Australian Private Company,ACT,ACT,QLD,4217,25,Possible,nutrition (+25),,Australian ABN Bulk Extract
40231627950,PURE SUPERFOODS,Individual/Sole Trader,ACT,NON,NSW,2770,45,Good potential,superfood (+45),,Australian ABN Bulk Extract
40280014472,LORYNS TABLE NUTRITION,Individual/Sole Trader,ACT,NON,NSW,2155,25,Possible,nutrition (+25),,Australian ABN Bulk Extract
40302162291,INNOVEAT NUTRITION,Individual/Sole Trader,ACT,NON,NSW,2227,25,Possible,nutrition (+25),,Australian ABN Bulk Extract
40321683377,STEPH JAMES NUTRITION,Individual/Sole Trader,ACT,NON,VIC,3204,25,Possible,nutrition (+25),,Australian ABN Bulk Extract
40380866983,A Plus Supplements,Co-operative,ACT,CAN,VIC,3072,25,Possible,supplement (+25),,Australian ABN Bulk Extract
40390187691,Nutritionally Well,Individual/Sole Trader,ACT,NON,QLD,4700,25,Possible,nutrition (+25),,Australian ABN Bulk Extract
40396935418,HEALING FOODS NUTRITION,Individual/Sole Trader,ACT,NON,NT,0820,35,Possible,nutrition (+25); food (+10),,Australian ABN Bulk Extract
40440932884,Be Yourself Nutrition Au,Individual/Sole Trader,ACT,NON,VIC,3950,25,Possible,nutrition (+25),,Australian ABN Bulk Extract
40476781735,SUPER SUPPLEMENTS,Individual/Sole Trader,ACT,NON,NSW,2156,25,Possible,supplement (+25),,Australian ABN Bulk Extract
40528729616,OASIS ORGANIC FOOD GARDENS,Individual/Sole Trader,ACT,CAN,VIC,3885,40,Good potential,organic food (+40),,Australian ABN Bulk Extract
40530266396,EM PERFORMANCE NUTRITION,Individual/Sole Trader,ACT,NON,VIC,3136,25,Possible,nutrition (+25),,Australian ABN Bulk Extract
40581410715,The Trustee for HealthNBodySupplements2U,Cash Management Trust,ACT,NON,QLD,4214,25,Possible,supplement (+25),,Australian ABN Bulk Extract
40592391534,Daily Serve Nutrition,Individual/Sole Trader,ACT,NON,NSW,2050,25,Possible,nutrition (+25),,Australian ABN Bulk Extract
40610126764,NEW DIRECTIONS SUPPLEMENTS PTY LTD,Australian Private Company,ACT,ACT,NSW,2204,25,Possible,supplement (+25),,Australian ABN Bulk Extract
40619338117,GLOBAL NUTRITION INTERNATIONAL PTY LTD,Australian Private Company,ACT,ACT,QLD,4108,25,Possible,nutrition (+25),,Australian ABN Bulk Extract
40650282536,DETOX SUPERFOOD BAR PTY LTD,Australian Private Company,ACT,ACT,VIC,3220,45,Good potential,superfood (+45),,Australian ABN Bulk Extract
40663590421,TAILORED WELLBEING NUTRITIONIST PTY LTD,Australian Private Company,ACT,ACT,QLD,4014,25,Possible,nutrition (+25),,Australian ABN Bulk Extract
40665371643,2BU NUTRITION,Individual/Sole Trader,ACT,ACT,QLD,4807,25,Possible,nutrition (+25),,Australian ABN Bulk Extract
40671378635,AL-MADINA BUTCHER & GROCERY PTY LTD.,Australian Private Company,ACT,ACT,NSW,2287,40,Good potential,grocery (+20); grocer (+20),,Australian ABN Bulk Extract
40673195465,ALPHAFIT SUPPLEMENTS PTY LTD,Australian Private Company,ACT,ACT,QLD,4214,25,Possible,supplement (+25),,Australian ABN Bulk Extract
40674393790,BLUEPRINT NUTRITION,Individual/Sole Trader,ACT,ACT,NSW,2287,25,Possible,nutrition (+25),,Australian ABN Bulk Extract
40682188053,ACTIVATE NUTRITION,Individual/Sole Trader,ACT,NON,NSW,2517,25,Possible,nutrition (+25),,Australian ABN Bulk Extract
40684889905,SOTA NUTRITION GROUP PTY LTD,Australian Private Company,ACT,NON,QLD,4170,25,Possible,nutrition (+25),,Australian ABN Bulk Extract
40685807176,DAI PHAT GROCERY ADELAIDE PTY LTD,Australian Private Company,ACT,NON,SA,5042,40,Good potential,grocery (+20); grocer (+20),,Australian ABN Bulk Extract
40688164276,CHEVAL MARINA FOOD & NUTRITION PTY LTD,Australian Private Company,ACT,NON,WA,6164,35,Possible,nutrition (+25); food (+10),,Australian ABN Bulk Extract
40689059774,GLOBAL NUTRITIONALS PTY LTD,Australian Private Company,ACT,ACT,VIC,3016,25,Possible,nutrition (+25),,Australian ABN Bulk Extract
40695867899,PURE STRIDE NUTRITION PTY LTD,Australian Private Company,ACT,NON,VIC,3137,25,Possible,nutrition (+25),,Australian ABN Bulk Extract
40700419905,101 SPORTS AND NUTRITION PTY LTD,Australian Private Company,ACT,ACT,WA,6038,25,Possible,nutrition (+25),,Australian ABN Bulk Extract
40721208717,EASY STEP NUTRITION,Individual/Sole Trader,ACT,ACT,QLD,4211,25,Possible,nutrition (+25),,Australian ABN Bulk Extract
40725779574,ADRIFT NUTRITION,Individual/Sole Trader,ACT,NON,WA,6798,25,Possible,nutrition (+25),,Australian ABN Bulk Extract
40788107827,JANE LAKISS RELISH NUTRITION CONSULTANCY,Individual/Sole Trader,ACT,ACT,NSW,2229,25,Possible,nutrition (+25),,Australian ABN Bulk Extract
40789257228,CHRISTINE SMITH NUTRITION,Individual/Sole Trader,ACT,NON,QLD,4550,25,Possible,nutrition (+25),,Australian ABN Bulk Extract
40820616707,AGED CARE NUTRITION TASMANIA,Individual/Sole Trader,ACT,NON,TAS,7050,25,Possible,nutrition (+25),,Australian ABN Bulk Extract
40878200164,Fed Nutrition,Individual/Sole Trader,ACT,CAN,NSW,2800,25,Possible,nutrition (+25),,Australian ABN Bulk Extract
40905152082,HERBAL NUTRITION,Individual/Sole Trader,ACT,NON,WA,6028,25,Possible,nutrition (+25),,Australian ABN Bulk Extract
40935836081,DDM NATURAL PRODUCTS,Individual/Sole Trader,ACT,NON,WA,6023,35,Possible,natural products (+35),,Australian ABN Bulk Extract
40998653897,NOT YOUR AVERAGE NUTRITION CO.,Individual/Sole Trader,ACT,NON,NSW,2099,25,Possible,nutrition (+25),,Australian ABN Bulk Extract
41018411638,Blueberry Nutrition and Dietetics,Individual/Sole Trader,ACT,NON,NSW,2071,25,Possible,nutrition (+25),,Australian ABN Bulk Extract
41111089813,Tree of Life Nutrition Pty Ltd,Australian Private Company,ACT,NON,QLD,4102,25,Possible,nutrition (+25),,Australian ABN Bulk Extract
41146510250,WESTERN LIVESTOCK NUTRITION PTY LTD,Australian Private Company,ACT,ACT,QLD,4730,25,Possible,nutrition (+25),,Australian ABN Bulk Extract
41162074400,JANANA ORGANIC FOODS PTY LTD,Australian Private Company,ACT,CAN,VIC,3936,40,Good potential,organic food (+40),,Australian ABN Bulk Extract
41166796872,PEAK NUTRITIONALS PTY LTD,Australian Private Company,ACT,ACT,VIC,3206,25,Possible,nutrition (+25),,Australian ABN Bulk Extract
41169637094,HUNTER NUTRITION SPECIALISTS PTY LTD,Australian Private Company,ACT,ACT,NSW,2289,25,Possible,nutrition (+25),,Australian ABN Bulk Extract
41185035658,NEXGENERATION SUPPLEMENTS,Individual/Sole Trader,ACT,ACT,VIC,3029,25,Possible,supplement (+25),,Australian ABN Bulk Extract
41206014237,ENHANCED NUTRITION BLAXLAND,Individual/Sole Trader,ACT,NON,NSW,2759,25,Possible,nutrition (+25),,Australian ABN Bulk Extract
41206153195,BIYAN LUO FOOD AND NUTRITION,Individual/Sole Trader,ACT,NON,VIC,3012,35,Possible,nutrition (+25); food (+10),,Australian ABN Bulk Extract
41255681407,3076 Champs Nutrition,Individual/Sole Trader,ACT,ACT,VIC,3750,25,Possible,nutrition (+25),,Australian ABN Bulk Extract
41310056339,KITCHEN NUTRITION BY KATHERINE,Individual/Sole Trader,ACT,CAN,WA,6312,25,Possible,nutrition (+25),,Australian ABN Bulk Extract
41331421170,DC Asian Grocery Store,Individual/Sole Trader,ACT,ACT,QLD,4313,40,Good potential,grocery (+20); grocer (+20),,Australian ABN Bulk Extract
41347204592,ALANNA MAREE NUTRITION COACHING,Individual/Sole Trader,ACT,NON,SA,5290,25,Possible,nutrition (+25),,Australian ABN Bulk Extract
41393423397,SOUL - HEALTH & NUTRITION,Individual/Sole Trader,ACT,NON,SA,5502,25,Possible,nutrition (+25),,Australian ABN Bulk Extract
41399408234,The Trustee for Dandenong Grocery Unit Trust,Fixed Unit Trust,ACT,CAN,VIC,3175,40,Good potential,grocery (+20); grocer (+20),,Australian ABN Bulk Extract
41424385069,Green Thumb Nutrition,Individual/Sole Trader,ACT,CAN,QLD,4209,25,Possible,nutrition (+25),,Australian ABN Bulk Extract
41425706179,RACHEL MALONE NUTRITION,Individual/Sole Trader,ACT,ACT,NSW,2026,25,Possible,nutrition (+25),,Australian ABN Bulk Extract
41456744122,ROK SUPPLEMENTS,Individual/Sole Trader,ACT,NON,VIC,3750,25,Possible,supplement (+25),,Australian ABN Bulk Extract
41534382805,BETTER LIVING NUTRITION,Individual/Sole Trader,ACT,ACT,WA,6032,25,Possible,nutrition (+25),,Australian ABN Bulk Extract
41541809533,NUTRITION RVN,Individual/Sole Trader,ACT,ACT,VIC,3023,25,Possible,nutrition (+25),,Australian ABN Bulk Extract
41563097640,COFFS COAST NUTRITION,Individual/Sole Trader,ACT,ACT,NSW,2450,25,Possible,nutrition (+25),,Australian ABN Bulk Extract
41603414709,Sun to Set Nutrition,Individual/Sole Trader,ACT,NON,NSW,2026,25,Possible,nutrition (+25),,Australian ABN Bulk Extract
41615847400,SETARA FOODS WHOLESALE PTY LTD,Australian Private Company,ACT,ACT,SA,5109,25,Possible,wholesale (+15); food (+10),,Australian ABN Bulk Extract
41617652954,ZULA GROCERY PTY LTD,Australian Private Company,ACT,ACT,VIC,3011,40,Good potential,grocery (+20); grocer (+20),,Australian ABN Bulk Extract
41618735244,BALANCE NUTRITION,Individual/Sole Trader,ACT,ACT,QLD,4700,25,Possible,nutrition (+25),,Australian ABN Bulk Extract
41621513317,RAPID SUPPLEMENTS PTY LTD,Australian Private Company,ACT,ACT,VIC,3030,25,Possible,supplement (+25),,Australian ABN Bulk Extract
41638931390,Sustain Nutrition & Dietetics,Individual/Sole Trader,ACT,NON,NSW,2064,25,Possible,nutrition (+25),,Australian ABN Bulk Extract
41642861774,NUTRITIONAL GROWTH SOLUTIONS LTD.,Other Incorporated Entity,ACT,ACT,NSW,3170,25,Possible,nutrition (+25),,Australian ABN Bulk Extract
41643066693,BRIGHTON ASIAN GROCERY PTY LTD,Australian Private Company,ACT,ACT,VIC,3186,40,Good potential,grocery (+20); grocer (+20),,Australian ABN Bulk Extract
41643469210,OPTIVANCE NUTRITION PTY LTD,Australian Private Company,ACT,ACT,QLD,4157,25,Possible,nutrition (+25),,Australian ABN Bulk Extract
41645375140,WAYEBIO NUTRITION PTY LTD,Australian Private Company,ACT,NON,QLD,4075,25,Possible,nutrition (+25),,Australian ABN Bulk Extract
41645636267,Cullulla Rd natural products by Rosemarie Djuric,Individual/Sole Trader,ACT,NON,NSW,2173,35,Possible,natural products (+35),,Australian ABN Bulk Extract
41652671684,MANLY FARM ORGANIC GROCER PTY LTD,Australian Private Company,ACT,CAN,NSW,2095,35,Possible,grocer (+20); organic (+15),,Australian ABN Bulk Extract
41663683645,MORINGA INVESTMENTS PTY LTD,Australian Private Company,ACT,ACT,NSW,2444,60,High potential,moringa (+60),,Australian ABN Bulk Extract
41673180820,ASO TOBACCONIST AND GROCERY PTY LTD,Australian Private Company,ACT,ACT,VIC,3025,40,Good potential,grocery (+20); grocer (+20),,Australian ABN Bulk Extract
41673469255,WING LOVELY GROCERY PTY LTD,Australian Private Company,ACT,NON,VIC,3129,40,Good potential,grocery (+20); grocer (+20),,Australian ABN Bulk Extract
41676658236,OUTCOMES NUTRITION PTY LTD,Australian Private Company,ACT,ACT,NSW,2533,25,Possible,nutrition (+25),,Australian ABN Bulk Extract
41676918246,SYDNEYGROCERY PTY LTD,Australian Private Company,ACT,ACT,NSW,2170,40,Good potential,grocery (+20); grocer (+20),,Australian ABN Bulk Extract
41678405395,FAMOUS NUTRITION PTY LTD,Australian Private Company,ACT,ACT,NSW,2067,25,Possible,nutrition (+25),,Australian ABN Bulk Extract
41690507530,1. BROTHER'S GROCERY & MEATS PTY LTD,Australian Private Company,ACT,ACT,QLD,4022,40,Good potential,grocery (+20); grocer (+20),,Australian ABN Bulk Extract
41694182511,66 GROCERY PTY LTD,Australian Private Company,ACT,NON,NSW,2766,40,Good potential,grocery (+20); grocer (+20),,Australian ABN Bulk Extract
41697772080,JUNGLE JUICE NUTRITION PTY LTD,Australian Private Company,ACT,NON,NSW,2264,25,Possible,nutrition (+25),,Australian ABN Bulk Extract
41698954755,EKOMKAR INDO ASIAN GROCERY PTY LTD,Australian Private Company,ACT,ACT,SA,5046,40,Good potential,grocery (+20); grocer (+20),,Australian ABN Bulk Extract
41720632704,REBORN SUPPLEMENTS,Individual/Sole Trader,ACT,NON,VIC,3335,25,Possible,supplement (+25),,Australian ABN Bulk Extract
41765699392,InsideOut Nutrition,Individual/Sole Trader,ACT,NON,NSW,2230,25,Possible,nutrition (+25),,Australian ABN Bulk Extract
41938494991,SAGE NUTRITION,Individual/Sole Trader,ACT,NON,NSW,2103,25,Possible,nutrition (+25),,Australian ABN Bulk Extract
41963599839,SOUTH PACIFIC FOOD DISTRIBUTORS VIC,Individual/Sole Trader,ACT,ACT,NSW,2560,40,Good potential,food distributor (+40),,Australian ABN Bulk Extract
41979522610,Be Well with Brooke Yoga Nutrition Lifestyle,Individual/Sole Trader,ACT,CAN,NSW,2650,25,Possible,nutrition (+25),,Australian ABN Bulk Extract
41981141588,NUTRITION EDITED,Individual/Sole Trader,ACT,NON,QLD,4061,25,Possible,nutrition (+25),,Australian ABN Bulk Extract
41984185298,HWS NUTRITION,Individual/Sole Trader,ACT,NON,QLD,4740,25,Possible,nutrition (+25),,Australian ABN Bulk Extract
42006247089,BUY WISE IMPORTERS & WHOLESALERS PTY. LTD.,Australian Private Company,ACT,CAN,VIC,3029,25,Possible,wholesale (+15); importer (+10),,Australian ABN Bulk Extract
42112751943,NORTHERN NUTRITION SERVICES PTY LTD,Australian Private Company,ACT,NON,SA,5006,25,Possible,nutrition (+25),,Australian ABN Bulk Extract
42126759408,Balanced Nutrition Co,Individual/Sole Trader,ACT,NON,NSW,2112,25,Possible,nutrition (+25),,Australian ABN Bulk Extract
42153887453,OCEANIA BODYCARE NATURAL NUTRITION GROUP PTY. LTD.,Australian Private Company,ACT,ACT,NSW,2172,25,Possible,nutrition (+25),,Australian ABN Bulk Extract
42155695373,#1NUTRITION PTY LTD,Australian Private Company,ACT,NON,NSW,2122,25,Possible,nutrition (+25),,Australian ABN Bulk Extract
42262954876,GOODIES NUTRITION AUSTRALIA,Individual/Sole Trader,ACT,ACT,QLD,4012,25,Possible,nutrition (+25),,Australian ABN Bulk Extract
42269072710,KAIBIGAN EMPORIUM ASIAN GROCERY,Individual/Sole Trader,ACT,ACT,NSW,2263,40,Good potential,grocery (+20); grocer (+20),,Australian ABN Bulk Extract
42269138578,SHE BLOOMS NUTRITION,Individual/Sole Trader,ACT,NON,QLD,4034,25,Possible,nutrition (+25),,Australian ABN Bulk Extract
42273602208,Primal Prey K9 Nutrition,Individual/Sole Trader,ACT,ACT,NSW,2558,25,Possible,nutrition (+25),,Australian ABN Bulk Extract
42322373139,NUTRITION AND SPORTS SCIENCE,Individual/Sole Trader,ACT,NON,SA,5214,25,Possible,nutrition (+25),,Australian ABN Bulk Extract
42336985615,Little Nuggets Nutrition,Individual/Sole Trader,ACT,NON,QLD,4280,25,Possible,nutrition (+25),,Australian ABN Bulk Extract
42428287427,OUTLIVE NUTRITION,Individual/Sole Trader,ACT,NON,QLD,4170,25,Possible,nutrition (+25),,Australian ABN Bulk Extract
42432813022,The Trustee for CLARK SUPERFOODS TRUST,Discretionary Trading Trust,ACT,ACT,SA,5343,45,Good potential,superfood (+45),,Australian ABN Bulk Extract
42450125303,IGNITE SUPPLEMENTS,Individual/Sole Trader,ACT,NON,NSW,2099,25,Possible,supplement (+25),,Australian ABN Bulk Extract
42485597087,Embody Nutrition Consulting,Individual/Sole Trader,ACT,NON,NSW,2525,25,Possible,nutrition (+25),,Australian ABN Bulk Extract
42514743544,PROSPR HEALTH & NUTRITION,Individual/Sole Trader,ACT,ACT,VIC,3011,25,Possible,nutrition (+25),,Australian ABN Bulk Extract
42526719162,COMPLEAT NUTRITION4LIFE,Individual/Sole Trader,ACT,NON,QLD,4280,25,Possible,nutrition (+25),,Australian ABN Bulk Extract
42557611040,FAMILY FOCUS NUTRITION,Individual/Sole Trader,ACT,NON,QLD,4172,25,Possible,nutrition (+25),,Australian ABN Bulk Extract
42595643768,Berry Sweet Nutrition,Individual/Sole Trader,ACT,NON,VIC,3825,25,Possible,nutrition (+25),,Australian ABN Bulk Extract
42597913691,NUTRITION2LIVE,Individual/Sole Trader,ACT,CAN,NSW,2096,25,Possible,nutrition (+25),,Australian ABN Bulk Extract
42602814040,CHIEF NUTRITION PTY LTD,Australian Private Company,ACT,ACT,NSW,2015,25,Possible,nutrition (+25),,Australian ABN Bulk Extract
42604475295,My Nutrition Shop dapto,Individual/Sole Trader,ACT,ACT,NSW,2518,25,Possible,nutrition (+25),,Australian ABN Bulk Extract
42607245625,MAI FOOD DISTRIBUTOR PTY LTD,Australian Private Company,ACT,NON,SA,5009,40,Good potential,food distributor (+40),,Australian ABN Bulk Extract
42608631983,COMPEAT NUTRITION PTY LIMITED,Australian Private Company,ACT,ACT,NSW,2298,25,Possible,nutrition (+25),,Australian ABN Bulk Extract
42611755769,MACHINE SUPPLEMENTS PTY LTD,Australian Private Company,ACT,NON,NSW,2234,25,Possible,supplement (+25),,Australian ABN Bulk Extract
42621763255,AUSTRALIAN SPORTS NUTRITION GATEWAY PTY LTD,Australian Private Company,ACT,ACT,QLD,4218,25,Possible,nutrition (+25),,Australian ABN Bulk Extract
42639877393,BIOTECH NUTRITIONAL SCIENCES PTY LTD,Australian Private Company,ACT,ACT,SA,5061,25,Possible,nutrition (+25),,Australian ABN Bulk Extract
42644591944,SUNLANDS SUPERFOODS PTY LTD,Australian Private Company,ACT,ACT,SA,5040,45,Good potential,superfood (+45),,Australian ABN Bulk Extract
42648926265,ZHANG TAN HUNG ASIAN GROCERY CBD PTY LTD,Australian Private Company,ACT,ACT,VIC,3000,40,Good potential,grocery (+20); grocer (+20),,Australian ABN Bulk Extract
42649579573,BARGAIN DEPOT GROCERY CLEARANCE (CHIRNSIDE) PTY LTD,Australian Private Company,ACT,ACT,VIC,3116,40,Good potential,grocery (+20); grocer (+20),,Australian ABN Bulk Extract
42656470530,MY NUTRITION PTY LTD,Australian Private Company,ACT,NON,WA,6031,25,Possible,nutrition (+25),,Australian ABN Bulk Extract
42663777679,1RM HEALTH AND NUTRITION PTY LTD,Australian Private Company,ACT,ACT,NSW,2570,25,Possible,nutrition (+25),,Australian ABN Bulk Extract
42671583574,WALPAR NUTRITIONS PTY LTD,Australian Private Company,ACT,ACT,SA,5092,25,Possible,nutrition (+25),,Australian ABN Bulk Extract
42676313974,ICC GROCERY PTY LTD,Australian Private Company,ACT,ACT,VIC,3549,40,Good potential,grocery (+20); grocer (+20),,Australian ABN Bulk Extract
42678676005,ATWOOD STRENGTH & NUTRITION,Individual/Sole Trader,ACT,ACT,QLD,4209,25,Possible,nutrition (+25),,Australian ABN Bulk Extract
42681447754,MORINGA MEDICAL PTY LTD,Australian Private Company,ACT,ACT,QLD,4680,60,High potential,moringa (+60),,Australian ABN Bulk Extract
42683942533,Delicious Nutrition,Individual/Sole Trader,ACT,NON,QLD,4575,25,Possible,nutrition (+25),,Australian ABN Bulk Extract
42685296075,BANTER SUPPLEMENTS PTY LTD,Australian Private Company,ACT,ACT,TAS,7018,25,Possible,supplement (+25),,Australian ABN Bulk Extract
42688245221,Q & Z GROCERY PTY LTD,Australian Private Company,ACT,ACT,NSW,2168,40,Good potential,grocery (+20); grocer (+20),,Australian ABN Bulk Extract
42696166275,ATWOOD STRENGTH & NUTRITION PTY LTD,Australian Private Company,ACT,ACT,QLD,4209,25,Possible,nutrition (+25),,Australian ABN Bulk Extract
42700759347,Little People Nutrition,Individual/Sole Trader,ACT,NON,NSW,2261,25,Possible,nutrition (+25),,Australian ABN Bulk Extract
42722072186,MOG NUTRITION,Individual/Sole Trader,ACT,NON,NSW,2018,25,Possible,nutrition (+25),,Australian ABN Bulk Extract
42771879691,SCRYUMTIOUS NUTRITION,Individual/Sole Trader,ACT,ACT,NSW,2264,25,Possible,nutrition (+25),,Australian ABN Bulk Extract
42846352657,Nurture Nutrition & Dietetics,Individual/Sole Trader,ACT,ACT,VIC,3217,25,Possible,nutrition (+25),,Australian ABN Bulk Extract
42904765370,PINNACLE NUTRITION COACHING,Individual/Sole Trader,ACT,NON,VIC,3031,25,Possible,nutrition (+25),,Australian ABN Bulk Extract
42922163225,ELITE EQUINE NUTRITION,Individual/Sole Trader,ACT,NON,VIC,3156,25,Possible,nutrition (+25),,Australian ABN Bulk Extract
42925072545,AVANA HEALTH & NUTRITION,Individual/Sole Trader,ACT,CAN,QLD,4178,25,Possible,nutrition (+25),,Australian ABN Bulk Extract
42943038296,Alix Murphy Nutrition,Individual/Sole Trader,ACT,NON,VIC,3442,25,Possible,nutrition (+25),,Australian ABN Bulk Extract
42971690286,SCHOOL NUTRITION CO.,Individual/Sole Trader,ACT,ACT,NSW,2120,25,Possible,nutrition (+25),,Australian ABN Bulk Extract
42982420330,HERBALIFE HEALTH AND NUTRITION,Individual/Sole Trader,ACT,ACT,WA,6211,25,Possible,nutrition (+25),,Australian ABN Bulk Extract
43028024597,NUTRITION RESEARCH AUSTRALIA,Individual/Sole Trader,ACT,NON,NSW,2450,25,Possible,nutrition (+25),,Australian ABN Bulk Extract
43071666334,THE SUSTAINABLE NUTRITION GROUP LTD,Australian Public Company,ACT,ACT,VIC,3189,25,Possible,nutrition (+25),,Australian ABN Bulk Extract
43084590688,NUTRITIONNORTH,Individual/Sole Trader,ACT,CAN,QLD,4878,25,Possible,nutrition (+25),,Australian ABN Bulk Extract
43122315100,Forza Nutrition Pty Ltd,Australian Private Company,ACT,ACT,VIC,3030,25,Possible,nutrition (+25),,Australian ABN Bulk Extract
43133171605,GENOBILE BROTHERS FOOD DISTRIBUTORS (TASMANIA) PTY LTD,Australian Private Company,ACT,CAN,QLD,4217,40,Good potential,food distributor (+40),,Australian ABN Bulk Extract
43152365214,SOLI NUTRITION,Individual/Sole Trader,ACT,NON,QLD,4215,25,Possible,nutrition (+25),,Australian ABN Bulk Extract
43161504962,NOM NOM NUTRITION,Individual/Sole Trader,ACT,NON,VIC,3194,25,Possible,nutrition (+25),,Australian ABN Bulk Extract
43171264328,KB NUTRITION SOLUTIONS,Individual/Sole Trader,ACT,ACT,NSW,2749,25,Possible,nutrition (+25),,Australian ABN Bulk Extract
43225439957,VITAL SUPPLEMENTS ONLINE,Individual/Sole Trader,ACT,ACT,NSW,2170,25,Possible,supplement (+25),,Australian ABN Bulk Extract
43307197275,SUPPLEMENTS AUSTRALIA,Individual/Sole Trader,ACT,NON,QLD,4519,25,Possible,supplement (+25),,Australian ABN Bulk Extract
43346112273,JOINING YOU NUTRITION,Individual/Sole Trader,ACT,NON,NSW,2527,25,Possible,nutrition (+25),,Australian ABN Bulk Extract
43351348674,VITASENSE NUTRITION,Individual/Sole Trader,ACT,ACT,VIC,3460,25,Possible,nutrition (+25),,Australian ABN Bulk Extract
43412402775,Bundaberg Organic and Quality Foods,Individual/Sole Trader,ACT,CAN,QLD,4670,25,Possible,organic (+15); food (+10),,Australian ABN Bulk Extract
43413019234,STRIPPED BARE HEALTH & NUTRITION,Individual/Sole Trader,ACT,CAN,VIC,3206,25,Possible,nutrition (+25),,Australian ABN Bulk Extract
43562811497,BETTER BEING NUTRITION,Individual/Sole Trader,ACT,NON,WA,6021,25,Possible,nutrition (+25),,Australian ABN Bulk Extract
43582496495,LAURA GOODRIDGE NUTRITION,Individual/Sole Trader,ACT,NON,VIC,3197,25,Possible,nutrition (+25),,Australian ABN Bulk Extract
43585819774,Apricity Nutrition and Wellbeing,Individual/Sole Trader,ACT,ACT,QLD,4151,25,Possible,nutrition (+25),,Australian ABN Bulk Extract
43586655694,TERRA WELLNESS & NUTRITION,Individual/Sole Trader,ACT,NON,QLD,4225,25,Possible,nutrition (+25),,Australian ABN Bulk Extract
43589257512,HUMAN NUTRITION,Individual/Sole Trader,ACT,NON,QLD,4113,25,Possible,nutrition (+25),,Australian ABN Bulk Extract
43635129949,MIND & BODY ORGANIC FOODS PTY LTD,Australian Private Company,ACT,CAN,VIC,3011,40,Good potential,organic food (+40),,Australian ABN Bulk Extract
43644072965,Chimney Grocery Store,Individual/Sole Trader,ACT,NON,ACT,2611,40,Good potential,grocery (+20); grocer (+20),,Australian ABN Bulk Extract
43646019525,L&L GROCERY PTY LTD,Australian Private Company,ACT,NON,WA,6155,40,Good potential,grocery (+20); grocer (+20),,Australian ABN Bulk Extract
43648262070,D E nutrition and training,Individual/Sole Trader,ACT,CAN,WA,6065,25,Possible,nutrition (+25),,Australian ABN Bulk Extract
43653210694,LUMBINI FOODS WHOLESALER PTY LTD,Australian Private Company,ACT,ACT,NSW,2035,25,Possible,wholesale (+15); food (+10),,Australian ABN Bulk Extract
43666805394,BALANCED NUTRITION PERTH PTY LTD,Australian Private Company,ACT,CAN,WA,6021,25,Possible,nutrition (+25),,Australian ABN Bulk Extract
43670943236,SPRING ASIAN GROCERY PTY LTD,Australian Private Company,ACT,ACT,VIC,3070,40,Good potential,grocery (+20); grocer (+20),,Australian ABN Bulk Extract
43683067316,ASRM SUPPLEMENTS PTY LTD,Australian Private Company,ACT,NON,NSW,2010,25,Possible,supplement (+25),,Australian ABN Bulk Extract
43684623774,SUPREME SUPPLEMENTS PTY LTD,Australian Private Company,ACT,NON,VIC,3777,25,Possible,supplement (+25),,Australian ABN Bulk Extract
43698163745,ZERO LIMITS SUPPLEMENTS PTY. LTD.,Australian Private Company,ACT,ACT,NSW,2304,25,Possible,supplement (+25),,Australian ABN Bulk Extract
43731590210,PRETTY SIMPLE NUTRITION,Individual/Sole Trader,ACT,NON,QLD,4306,25,Possible,nutrition (+25),,Australian ABN Bulk Extract
43764077004,FIRST YEAR NUTRITION,Individual/Sole Trader,ACT,NON,ACT,2602,25,Possible,nutrition (+25),,Australian ABN Bulk Extract
43785437681,KERSTEN STENGEL YOGA NUTRITION LIFESTYLE,Individual/Sole Trader,ACT,NON,SA,5154,25,Possible,nutrition (+25),,Australian ABN Bulk Extract
43803862119,JAMES KUHN NUTRITION,Individual/Sole Trader,ACT,CAN,ACT,2903,25,Possible,nutrition (+25),,Australian ABN Bulk Extract
43812345238,Vital Foods Nutritional Coaching,Individual/Sole Trader,ACT,NON,QLD,4551,35,Possible,nutrition (+25); food (+10),,Australian ABN Bulk Extract
43859018669,JUICY NUTRITION,Individual/Sole Trader,ACT,ACT,VIC,3165,25,Possible,nutrition (+25),,Australian ABN Bulk Extract
43877510144,LIFE AND PERFORMANCE NUTRITION,Individual/Sole Trader,ACT,ACT,QLD,4069,25,Possible,nutrition (+25),,Australian ABN Bulk Extract
43879911718,COVE NUTRITION,Individual/Sole Trader,ACT,NON,WA,6722,25,Possible,nutrition (+25),,Australian ABN Bulk Extract
43953053730,Nutrition Simplified,Individual/Sole Trader,ACT,ACT,NSW,2153,25,Possible,nutrition (+25),,Australian ABN Bulk Extract
44050405868,LINDA KILWORTH DIETITIAN-NUTRITIONISTS PTY. LTD.,Australian Private Company,ACT,ACT,QLD,4061,25,Possible,nutrition (+25),,Australian ABN Bulk Extract
44078585823,RATIONAL NUTRITION PTY LTD,Australian Private Company,ACT,ACT,NSW,2382,25,Possible,nutrition (+25),,Australian ABN Bulk Extract
44102635478,SUCCESS ASIAN GROCERY PTY LIMITED,Australian Private Company,ACT,ACT,NSW,2144,40,Good potential,grocery (+20); grocer (+20),,Australian ABN Bulk Extract
44110294676,Activ Nutrition,Individual/Sole Trader,ACT,CAN,VIC,3193,25,Possible,nutrition (+25),,Australian ABN Bulk Extract
44126679178,GMV NUTRITION PTY. LTD.,Australian Private Company,ACT,ACT,VIC,3082,25,Possible,nutrition (+25),,Australian ABN Bulk Extract
44146557405,The trustee for Newport Health Foods Trust,Discretionary Trading Trust,ACT,ACT,NSW,2106,40,Good potential,health food (+40),,Australian ABN Bulk Extract
44153463599,BEC ISSELL HEALTH & NUTRITION,Individual/Sole Trader,ACT,CAN,QLD,4211,25,Possible,nutrition (+25),,Australian ABN Bulk Extract
44154558568,Kaizen Nutrition Pty Ltd,Australian Private Company,ACT,ACT,ACT,2609,25,Possible,nutrition (+25),,Australian ABN Bulk Extract
44154773154,Australian Grown Superfoods Pty Ltd,Australian Private Company,ACT,ACT,WA,6312,45,Good potential,superfood (+45),,Australian ABN Bulk Extract
44207540113,DeSeafood Wholesalers,Individual/Sole Trader,ACT,CAN,QLD,4659,45,Good potential,food wholesaler (+40); food wholesale (+35),seafood (-30),Australian ABN Bulk Extract
44208397422,HAPPY NUTRITION,Individual/Sole Trader,ACT,NON,QLD,4214,25,Possible,nutrition (+25),,Australian ABN Bulk Extract
44246236237,Eat Play Learn Nutrition,Individual/Sole Trader,ACT,NON,NSW,2780,25,Possible,nutrition (+25),,Australian ABN Bulk Extract
44279030362,JACINTA HEDLEY NUTRITION,Individual/Sole Trader,ACT,NON,VIC,3300,25,Possible,nutrition (+25),,Australian ABN Bulk Extract
44538058393,Nutrition for the Soul,Individual/Sole Trader,ACT,CAN,VIC,3777,25,Possible,nutrition (+25),,Australian ABN Bulk Extract
44603727868,LIFELONG NUTRITION PTY LTD,Australian Private Company,ACT,ACT,NSW,2234,25,Possible,nutrition (+25),,Australian ABN Bulk Extract
44606690859,MASS NUTRITION (TWEED HEADS) PTY LTD,Australian Private Company,ACT,CAN,NSW,2487,25,Possible,nutrition (+25),,Australian ABN Bulk Extract
44612178971,NATURAL PRODUCTS INTERNATIONAL PTY LTD,Australian Private Company,ACT,ACT,NSW,2192,35,Possible,natural products (+35),,Australian ABN Bulk Extract
44613018045,AUSTRALIAN SPORTS NUTRITION TRARALGON PTY LTD,Australian Private Company,ACT,ACT,VIC,3130,25,Possible,nutrition (+25),,Australian ABN Bulk Extract
44617537488,NOURISHING NUTRITION BENDIGO,Individual/Sole Trader,ACT,CAN,VIC,3551,25,Possible,nutrition (+25),,Australian ABN Bulk Extract
44646058415,GROCERY EZY PTY LTD,Australian Private Company,ACT,ACT,NSW,2010,40,Good potential,grocery (+20); grocer (+20),,Australian ABN Bulk Extract
44647600655,YES PLEASE SUPPLEMENTS PTY LTD,Australian Private Company,ACT,CAN,QLD,4220,25,Possible,supplement (+25),,Australian ABN Bulk Extract
44653314320,NOUMI NUTRITIONALS HOLDINGS PTY LTD,Australian Private Company,ACT,NON,NSW,2565,25,Possible,nutrition (+25),,Australian ABN Bulk Extract
44662911275,THRIVE SPORTS NUTRITION PTY LTD,Australian Private Company,ACT,ACT,NSW,2154,25,Possible,nutrition (+25),,Australian ABN Bulk Extract
44663160339,Erin Pressnell Nutrition,Individual/Sole Trader,ACT,NON,NSW,2640,25,Possible,nutrition (+25),,Australian ABN Bulk Extract
44665251365,SARI SUPERFOODS PTY LTD,Australian Private Company,ACT,ACT,VIC,3020,45,Good potential,superfood (+45),,Australian ABN Bulk Extract
44674012250,STARKE SUPPLEMENTS PTY LTD,Australian Private Company,ACT,NON,NSW,2010,25,Possible,supplement (+25),,Australian ABN Bulk Extract
44675172774,GEORGIA BETTS NUTRITION,Individual/Sole Trader,ACT,NON,VIC,3754,25,Possible,nutrition (+25),,Australian ABN Bulk Extract
44688595673,ULTIMATE STRENGTH AND NUTRITION PTY LTD,Australian Private Company,ACT,NON,VIC,3193,25,Possible,nutrition (+25),,Australian ABN Bulk Extract
44690064905,APHAIA NUTRITION PTY LTD,Australian Private Company,ACT,NON,VIC,3188,25,Possible,nutrition (+25),,Australian ABN Bulk Extract
44696887206,BUTCHER GALLERY & GROCERY PTY LTD,Australian Private Company,ACT,ACT,VIC,3214,40,Good potential,grocery (+20); grocer (+20),,Australian ABN Bulk Extract
44722338502,Steady Nutrition,Individual/Sole Trader,ACT,NON,NSW,2075,25,Possible,nutrition (+25),,Australian ABN Bulk Extract
44749828584,Core Nutrition Clyde,Limited Partnership,ACT,ACT,VIC,3978,25,Possible,nutrition (+25),,Australian ABN Bulk Extract
44754918775,ENHANCED NUTRITION ST MARYS,Individual/Sole Trader,ACT,ACT,NSW,2760,25,Possible,nutrition (+25),,Australian ABN Bulk Extract
44772082297,RAG3 SUPPLEMENTS,Individual/Sole Trader,ACT,NON,QLD,4208,25,Possible,supplement (+25),,Australian ABN Bulk Extract
44809317268,BEN DESBROW NUTRITION AND EXERCISE CONSULTANCY,Individual/Sole Trader,ACT,CAN,QLD,4216,25,Possible,nutrition (+25),,Australian ABN Bulk Extract
44956252089,The Trustee for Superfood International Unit Trust,Fixed Unit Trust,ACT,ACT,NSW,2022,45,Good potential,superfood (+45),,Australian ABN Bulk Extract
44975670533,TORO HEALTH & NUTRITION,Individual/Sole Trader,ACT,NON,WA,6025,25,Possible,nutrition (+25),,Australian ABN Bulk Extract
44976685231,AVIX SUPPLEMENTS,Individual/Sole Trader,ACT,CAN,TAS,7321,25,Possible,supplement (+25),,Australian ABN Bulk Extract
44997144362,GROW YOU NUTRITION,Individual/Sole Trader,ACT,NON,WA,6233,25,Possible,nutrition (+25),,Australian ABN Bulk Extract
45001489541,PRIMULA HEALTH FOOD DISTRIBUTORS PTY LTD,Australian Private Company,ACT,CAN,NSW,2067,80,High potential,health food (+40); food distributor (+40),,Australian ABN Bulk Extract
45019679501,HABITUDE NUTRITION COACHING,Individual/Sole Trader,ACT,NON,VIC,3003,25,Possible,nutrition (+25),,Australian ABN Bulk Extract
45089553659,UNITED FOOD WHOLESALERS PTY. LTD.,Australian Private Company,ACT,CAN,VIC,3074,75,High potential,food wholesaler (+40); food wholesale (+35),,Australian ABN Bulk Extract
45107208748,NUTRITIONAL FOODS AUSTRALIA PTY LTD,Australian Private Company,ACT,CAN,NSW,2534,35,Possible,nutrition (+25); food (+10),,Australian ABN Bulk Extract
45108263752,T. & E. ASIAN GROCERY PTY. LIMITED,Australian Private Company,ACT,ACT,NSW,2619,40,Good potential,grocery (+20); grocer (+20),,Australian ABN Bulk Extract
45110686014,NEWAGINE NUTRITION SOLUTIONS PTY LTD,Australian Private Company,ACT,ACT,NSW,2076,25,Possible,nutrition (+25),,Australian ABN Bulk Extract
45112429620,Healthy Eating and Nutrition Society,Other Unincorporated Entity,ACT,NON,VIC,3010,25,Possible,nutrition (+25),,Australian ABN Bulk Extract
45185634132,JJ NUTRITION,Individual/Sole Trader,ACT,CAN,NSW,2125,25,Possible,nutrition (+25),,Australian ABN Bulk Extract
45270356945,The Trustee for Own Supplements Unit Trust,Fixed Unit Trust,ACT,ACT,NSW,2560,25,Possible,supplement (+25),,Australian ABN Bulk Extract
45273867200,AFTER LIFE SUPPLEMENTS,Individual/Sole Trader,ACT,NON,VIC,3556,25,Possible,supplement (+25),,Australian ABN Bulk Extract
45284846021,NURTURED LACTATION & BABY NUTRITION,Individual/Sole Trader,ACT,NON,NSW,2481,25,Possible,nutrition (+25),,Australian ABN Bulk Extract
45334924038,Your Nutrition Guide,Individual/Sole Trader,ACT,NON,VIC,3444,25,Possible,nutrition (+25),,Australian ABN Bulk Extract
45419907721,ZILBER NUTRITION,Individual/Sole Trader,ACT,ACT,QLD,4300,25,Possible,nutrition (+25),,Australian ABN Bulk Extract
45456489939,THE SURFING NUTRITIONIST,Individual/Sole Trader,ACT,NON,NSW,2478,25,Possible,nutrition (+25),,Australian ABN Bulk Extract
45495122609,GRANVILLE OASIS GROCERY STORE,Individual/Sole Trader,ACT,NON,NSW,2197,40,Good potential,grocery (+20); grocer (+20),,Australian ABN Bulk Extract
45503953218,BUSY BRAINS NUTRITION,Individual/Sole Trader,ACT,NON,QLD,4564,25,Possible,nutrition (+25),,Australian ABN Bulk Extract
45583656392,KEEPITREAL NUTRITION,Individual/Sole Trader,ACT,NON,VIC,3810,25,Possible,nutrition (+25),,Australian ABN Bulk Extract
45616230029,MIND BODY NUTRITION,Individual/Sole Trader,ACT,NON,WA,6281,25,Possible,nutrition (+25),,Australian ABN Bulk Extract
45623809172,AISLINN NUTRITION,Individual/Sole Trader,ACT,NON,NSW,2072,25,Possible,nutrition (+25),,Australian ABN Bulk Extract
45627901017,WESTERN WHOLESALE FOODS PTY LTD,Australian Private Company,ACT,ACT,VIC,3030,25,Possible,wholesale (+15); food (+10),,Australian ABN Bulk Extract
45634283444,PRIME PERFORMANCE NUTRITION & TRAINING PTY LTD,Australian Private Company,ACT,ACT,NSW,2166,25,Possible,nutrition (+25),,Australian ABN Bulk Extract
45638663573,SIC SUPPLEMENTS PTY LTD,Australian Private Company,ACT,NON,NSW,2127,25,Possible,supplement (+25),,Australian ABN Bulk Extract
45642512272,PAT'S ASIAN GROCERY,Individual/Sole Trader,ACT,CAN,SA,5343,40,Good potential,grocery (+20); grocer (+20),,Australian ABN Bulk Extract
45646525859,CIARA PARAMORE NUTRITION AND DIETETICS PTY LTD,Australian Private Company,ACT,ACT,NSW,2640,25,Possible,nutrition (+25),,Australian ABN Bulk Extract
45651597269,HERCULES SUPPLEMENTS (AUST) PTY LTD,Australian Private Company,ACT,ACT,QLD,4500,25,Possible,supplement (+25),,Australian ABN Bulk Extract
45653213506,KI GROCERY SERVICE PTY LTD,Australian Private Company,ACT,ACT,WA,6062,40,Good potential,grocery (+20); grocer (+20),,Australian ABN Bulk Extract
45657091499,GROCERY MART PTY LTD,Australian Private Company,ACT,ACT,QLD,4870,40,Good potential,grocery (+20); grocer (+20),,Australian ABN Bulk Extract
45657485991,H2S FOOD DISTRIBUTORS PTY LTD,Australian Private Company,ACT,ACT,VIC,3169,40,Good potential,food distributor (+40),,Australian ABN Bulk Extract
45686978987,KX ASIAN GROCERY PTY LTD,Australian Private Company,ACT,NON,NSW,2134,40,Good potential,grocery (+20); grocer (+20),,Australian ABN Bulk Extract
45687267698,AUSTRALIAN PRECISION NUTRITION AND HEALTH PTY LTD,Australian Private Company,ACT,ACT,NSW,2217,25,Possible,nutrition (+25),,Australian ABN Bulk Extract
45687327126,BIO HVCKERS SUPPLEMENTS PTY LTD,Australian Private Company,ACT,NON,QLD,4220,25,Possible,supplement (+25),,Australian ABN Bulk Extract
45717383493,TAHLIA THOMAS NUTRITION,Individual/Sole Trader,ACT,ACT,NSW,2640,25,Possible,nutrition (+25),,Australian ABN Bulk Extract
45747171503,Bioforte Nutrition,Individual/Sole Trader,ACT,NON,SA,5171,25,Possible,nutrition (+25),,Australian ABN Bulk Extract
45748330564,LITTLE BEGINNINGS NUTRITION,Individual/Sole Trader,ACT,CAN,NSW,2291,25,Possible,nutrition (+25),,Australian ABN Bulk Extract
45810898187,LIFE DIET AND NUTRITION,Individual/Sole Trader,ACT,ACT,VIC,3101,25,Possible,nutrition (+25),,Australian ABN Bulk Extract
45866735527,The Trustee for The Vitaplum Superfood Trust,Fixed Unit Trust,ACT,CAN,VIC,3004,45,Good potential,superfood (+45),,Australian ABN Bulk Extract
45975490258,CARDIGAN ASIAN GROCERY,Individual/Sole Trader,ACT,ACT,VIC,3136,40,Good potential,grocery (+20); grocer (+20),,Australian ABN Bulk Extract
45994952992,NURCHA NUTRITION,Individual/Sole Trader,ACT,NON,VIC,3220,25,Possible,nutrition (+25),,Australian ABN Bulk Extract
46094250389,DISTRIBUTORS OF FINE FOODS & BEVERAGES PTY LIMITED,Australian Private Company,ACT,CAN,NSW,2174,25,Possible,distributor (+15); food (+10),,Australian ABN Bulk Extract
46110721205,ENERGIQUE NUTRITION & PERSONAL TRAINING PTY LTD,Australian Private Company,ACT,CAN,SA,5045,25,Possible,nutrition (+25),,Australian ABN Bulk Extract
46112751961,SOUTHERN NUTRITION SERVICES PTY LTD,Australian Private Company,ACT,NON,SA,5006,25,Possible,nutrition (+25),,Australian ABN Bulk Extract
46124098004,INDEPENDENT FOOD DISTRIBUTORS AUSTRALIA PTY LIMITED,Australian Private Company,ACT,ACT,NSW,2113,40,Good potential,food distributor (+40),,Australian ABN Bulk Extract
46151463044,MONTEBELLO NATURAL PRODUCTS PTY LTD,Australian Private Company,ACT,ACT,SA,5223,35,Possible,natural products (+35),,Australian ABN Bulk Extract
46155641099,Australian Sports Nutrition Gladstone Pty Ltd,Australian Private Company,ACT,ACT,QLD,4680,25,Possible,nutrition (+25),,Australian ABN Bulk Extract
46182895995,Rise Personal Training & Nutrition,Individual/Sole Trader,ACT,NON,QLD,4171,25,Possible,nutrition (+25),,Australian ABN Bulk Extract
46193120950,Sippin Nutrition,Individual/Sole Trader,ACT,ACT,NSW,2340,25,Possible,nutrition (+25),,Australian ABN Bulk Extract
46307231471,Sam The Nutritionist,Individual/Sole Trader,ACT,NON,VIC,3132,25,Possible,nutrition (+25),,Australian ABN Bulk Extract
46364820176,Carlee Quirk Nutrition,Individual/Sole Trader,ACT,ACT,VIC,3585,25,Possible,nutrition (+25),,Australian ABN Bulk Extract
46375581069,1st Choice Organic & Natural Products,Individual/Sole Trader,ACT,CAN,SA,5106,50,Good potential,natural products (+35); organic (+15),,Australian ABN Bulk Extract
46383424030,RECLAIM NUTRITION,Individual/Sole Trader,ACT,NON,NSW,2570,25,Possible,nutrition (+25),,Australian ABN Bulk Extract
46440987403,VANTAGE SUPPLEMENTS,Individual/Sole Trader,ACT,NON,QLD,4217,25,Possible,supplement (+25),,Australian ABN Bulk Extract
46485494770,Manly Nutrition and Dietetics,Individual/Sole Trader,ACT,ACT,VIC,3089,25,Possible,nutrition (+25),,Australian ABN Bulk Extract
46496763198,Advanced Nutrition,Individual/Sole Trader,ACT,CAN,VIC,3228,25,Possible,nutrition (+25),,Australian ABN Bulk Extract
46543279662,Bionutrition,Individual/Sole Trader,ACT,CAN,NSW,2035,25,Possible,nutrition (+25),,Australian ABN Bulk Extract
46606128269,FARMNP FOOD DISTRIBUTORS PTY LIMITED,Australian Private Company,ACT,ACT,NSW,2153,40,Good potential,food distributor (+40),,Australian ABN Bulk Extract
46627576292,XCD NUTRITION PTY LTD,Australian Private Company,ACT,ACT,NSW,2060,25,Possible,nutrition (+25),,Australian ABN Bulk Extract
46628709482,NUTRITIONAL WHOLESOME BLENDS PTY LTD,Australian Private Company,ACT,ACT,QLD,4030,25,Possible,nutrition (+25),,Australian ABN Bulk Extract
46630416929,VPA AUSTRALIA PERFORMANCE SUPPLEMENTS PTY LTD,Australian Private Company,ACT,ACT,QLD,4000,25,Possible,supplement (+25),,Australian ABN Bulk Extract
46640589304,LOVE LIFE NUTRITION PTY LTD,Australian Private Company,ACT,CAN,QLD,4051,25,Possible,nutrition (+25),,Australian ABN Bulk Extract
46649878012,The Nutrition Kitchen Food Futures Collective Inc.,Other Incorporated Entity,ACT,NON,VIC,3200,35,Possible,nutrition (+25); food (+10),,Australian ABN Bulk Extract
46658131474,DAYNE HUDSON NUTRITION PTY LTD,Australian Private Company,ACT,ACT,NSW,2156,25,Possible,nutrition (+25),,Australian ABN Bulk Extract
46672157434,NATURES PAW SUPPLEMENTS PTY LTD,Australian Private Company,ACT,NON,NSW,2009,25,Possible,supplement (+25),,Australian ABN Bulk Extract
46679230365,ROYAL FOOD DISTRIBUTORS PTY LTD,Australian Private Company,ACT,ACT,VIC,3335,40,Good potential,food distributor (+40),,Australian ABN Bulk Extract
46687357991,KATHERINE GROCERY MART PTY LTD,Australian Private Company,ACT,ACT,NT,0850,40,Good potential,grocery (+20); grocer (+20),,Australian ABN Bulk Extract
46691854776,THE WELL-BEAN NUTRITIONIST,Individual/Sole Trader,ACT,NON,NSW,2046,25,Possible,nutrition (+25),,Australian ABN Bulk Extract
46695291493,HAMRO GROCERY STORE ASHFIELD PTY. LTD.,Australian Private Company,ACT,ACT,NSW,2144,40,Good potential,grocery (+20); grocer (+20),,Australian ABN Bulk Extract
46699110195,CHEAP BEST GROCERY PTY LTD,Australian Private Company,ACT,ACT,VIC,3046,40,Good potential,grocery (+20); grocer (+20),,Australian ABN Bulk Extract
46700422788,ABBEY ANIMAL NUTRITION HOLDINGS PTY LTD,Australian Private Company,ACT,NON,NSW,2153,25,Possible,nutrition (+25),,Australian ABN Bulk Extract
46796547304,NO BS NUTRITION,Individual/Sole Trader,ACT,ACT,VIC,3217,25,Possible,nutrition (+25),,Australian ABN Bulk Extract
46802923094,IMMUNE NUTRITION AND COACHING,Individual/Sole Trader,ACT,NON,NSW,2257,25,Possible,nutrition (+25),,Australian ABN Bulk Extract
46805441320,All About Nutrition,Individual/Sole Trader,ACT,NON,NSW,2250,25,Possible,nutrition (+25),,Australian ABN Bulk Extract
46828376680,Shelley Hey Nutrition,Individual/Sole Trader,ACT,NON,NSW,2477,25,Possible,nutrition (+25),,Australian ABN Bulk Extract
46848261133,TOWN GIFT AND GROCERY,Individual/Sole Trader,ACT,ACT,VIC,3048,40,Good potential,grocery (+20); grocer (+20),,Australian ABN Bulk Extract
46857268214,Power Pantry Nutrition,Individual/Sole Trader,ACT,NON,VIC,3038,25,Possible,nutrition (+25),,Australian ABN Bulk Extract
46961240845,The trustee for JANKE NUTRITION TRUST,Discretionary Trading Trust,ACT,ACT,QLD,4703,25,Possible,nutrition (+25),,Australian ABN Bulk Extract
46994978517,GROCERYPLAY,Individual/Sole Trader,ACT,ACT,NSW,2000,40,Good potential,grocery (+20); grocer (+20),,Australian ABN Bulk Extract
47056108671,ASHMORE NUTRITION PTY. LTD.,Australian Private Company,ACT,NON,QLD,4220,25,Possible,nutrition (+25),,Australian ABN Bulk Extract
47060693930,MING THAI ASIAN GROCERY,Individual/Sole Trader,ACT,ACT,VIC,3171,40,Good potential,grocery (+20); grocer (+20),,Australian ABN Bulk Extract
47107989419,GO GET NUTRITION,Individual/Sole Trader,ACT,NON,WA,6169,25,Possible,nutrition (+25),,Australian ABN Bulk Extract
47110886573,Simple Nutrition Co.,Individual/Sole Trader,ACT,ACT,QLD,4480,25,Possible,nutrition (+25),,Australian ABN Bulk Extract
47151463491,KANGAROO ISLAND NATURAL PRODUCTS PTY LTD,Australian Private Company,ACT,ACT,SA,5223,35,Possible,natural products (+35),,Australian ABN Bulk Extract
47162956603,ST GEORGE FOOD DISTRIBUTORS PTY LTD,Australian Private Company,ACT,ACT,NSW,2221,40,Good potential,food distributor (+40),,Australian ABN Bulk Extract
47166099403,THE NATURAL NUTRITIONIST PTY LTD,Australian Private Company,ACT,ACT,TAS,7250,25,Possible,nutrition (+25),,Australian ABN Bulk Extract
47169815483,NUTRITION FOR HEALTH,Individual/Sole Trader,ACT,CAN,QLD,4163,25,Possible,nutrition (+25),,Australian ABN Bulk Extract
47244803690,ATHELITES NUTRITIONIST,Individual/Sole Trader,ACT,NON,SA,5074,25,Possible,nutrition (+25),,Australian ABN Bulk Extract
47253698019,HMONG GROCERY,Individual/Sole Trader,ACT,ACT,VIC,3064,40,Good potential,grocery (+20); grocer (+20),,Australian ABN Bulk Extract
47392876453,START AFRESH NUTRITION,Individual/Sole Trader,ACT,NON,QLD,4225,25,Possible,nutrition (+25),,Australian ABN Bulk Extract
47512516649,Cracked Nutrition,Individual/Sole Trader,ACT,NON,VIC,3844,25,Possible,nutrition (+25),,Australian ABN Bulk Extract
47550724102,BDE NUTRITION,Individual/Sole Trader,ACT,ACT,NSW,2650,25,Possible,nutrition (+25),,Australian ABN Bulk Extract
47552891456,Pulse Wise Nutrition and Dietetics,Individual/Sole Trader,ACT,NON,WA,6158,25,Possible,nutrition (+25),,Australian ABN Bulk Extract
47603679255,KAI YUAN HEALTH FOOD SERVICE,Individual/Sole Trader,ACT,ACT,QLD,4000,40,Good potential,health food (+40),,Australian ABN Bulk Extract
47606042150,Simplistic Nutrition,Individual/Sole Trader,ACT,NON,QLD,4750,25,Possible,nutrition (+25),,Australian ABN Bulk Extract
47607185777,AUSTRALIA NUTRITION DAIRY PTY LTD,Australian Private Company,ACT,CAN,VIC,3168,25,Possible,nutrition (+25),,Australian ABN Bulk Extract
47610013315,NORTHERN BEACHES NUTRITION PTY. LTD.,Australian Private Company,ACT,NON,NSW,2092,25,Possible,nutrition (+25),,Australian ABN Bulk Extract
47610535608,HUMAN NATUROPATHY AND NUTRITION,Individual/Sole Trader,ACT,NON,VIC,3658,25,Possible,nutrition (+25),,Australian ABN Bulk Extract
47612993780,Club Malnutrition Longboarders Inc,Other Incorporated Entity,ACT,NON,NSW,2534,25,Possible,nutrition (+25),,Australian ABN Bulk Extract
47617505923,PURA VIDA SUPERFOODS PTY LIMITED,Australian Private Company,ACT,ACT,NSW,2529,45,Good potential,superfood (+45),,Australian ABN Bulk Extract
47629065881,EDUCATION IN NUTRITION PTY LTD,Australian Private Company,ACT,ACT,VIC,3084,25,Possible,nutrition (+25),,Australian ABN Bulk Extract
47644650206,MOTHERS BEST PET NUTRITION PTY LTD,Australian Private Company,ACT,ACT,VIC,3875,25,Possible,nutrition (+25),,Australian ABN Bulk Extract
47647893769,LEON'S GROCERY SHOP,Individual/Sole Trader,ACT,ACT,NSW,2164,40,Good potential,grocery (+20); grocer (+20),,Australian ABN Bulk Extract
47649176572,AUSTRALIAN PET NUTRITION PTY LTD,Australian Private Company,ACT,ACT,NT,0828,25,Possible,nutrition (+25),,Australian ABN Bulk Extract
47653578922,NUTRITION PLACE PTY LTD,Australian Private Company,ACT,ACT,WA,6148,25,Possible,nutrition (+25),,Australian ABN Bulk Extract
47656165678,GH NUTRITION PTY LTD,Australian Private Company,ACT,ACT,ACT,2607,25,Possible,nutrition (+25),,Australian ABN Bulk Extract
47670206569,NUTRITION AND BARIATRIC MEDICINE PTY LTD,Australian Private Company,ACT,NON,VIC,3931,25,Possible,nutrition (+25),,Australian ABN Bulk Extract
47675153715,The Nutrition Studio,Individual/Sole Trader,ACT,NON,WA,6030,25,Possible,nutrition (+25),,Australian ABN Bulk Extract
47679970300,ELEVATE SUPPLEMENTS PTY LTD,Australian Private Company,ACT,ACT,NSW,2063,25,Possible,supplement (+25),,Australian ABN Bulk Extract
47680073563,ELEVATE NUTRITION BAR PTY LTD,Australian Private Company,ACT,NON,VIC,3064,25,Possible,nutrition (+25),,Australian ABN Bulk Extract
47688919244,FOCUS SUPPLEMENTS PTY LTD,Australian Private Company,ACT,ACT,QLD,4213,25,Possible,supplement (+25),,Australian ABN Bulk Extract
47689917164,T2 GROCERY PTY LTD,Australian Private Company,ACT,ACT,VIC,3174,40,Good potential,grocery (+20); grocer (+20),,Australian ABN Bulk Extract
47711656921,Cancer Care Nutrition,Individual/Sole Trader,ACT,ACT,QLD,4060,25,Possible,nutrition (+25),,Australian ABN Bulk Extract
47748908530,NUTRITION TO NOURISH,Individual/Sole Trader,ACT,ACT,NSW,2650,25,Possible,nutrition (+25),,Australian ABN Bulk Extract
47874727725,Nutrition for Living,Individual/Sole Trader,ACT,CAN,QLD,4059,25,Possible,nutrition (+25),,Australian ABN Bulk Extract
47875724916,SIMPLE & SWEET SUPERFOODS,Individual/Sole Trader,ACT,NON,SA,5291,45,Good potential,superfood (+45),,Australian ABN Bulk Extract
47907168301,THE TRUSTEE FOR LIU GROCERY TRADING TRUST,Discretionary Trading Trust,ACT,ACT,VIC,3072,40,Good potential,grocery (+20); grocer (+20),,Australian ABN Bulk Extract
47946296878,ELITE PHYSIQUE TRAINING AND NUTRITION,Individual/Sole Trader,ACT,NON,WA,6230,25,Possible,nutrition (+25),,Australian ABN Bulk Extract
47967601148,GEARED UP SUPPLEMENTS,Individual/Sole Trader,ACT,ACT,NSW,2044,25,Possible,supplement (+25),,Australian ABN Bulk Extract
48024102730,awaken nutritional medicine,Individual/Sole Trader,ACT,CAN,VIC,3032,25,Possible,nutrition (+25),,Australian ABN Bulk Extract
48051810119,Riverina Nutrition and Diabetes Services,Individual/Sole Trader,ACT,ACT,NSW,2650,25,Possible,nutrition (+25),,Australian ABN Bulk Extract
48145311913,AAA SUPPLEMENTS PTY LTD,Australian Private Company,ACT,ACT,VIC,3190,25,Possible,supplement (+25),,Australian ABN Bulk Extract
48229147069,WELLNESS NUTRITION & HYPNOTHERAPY,Individual/Sole Trader,ACT,NON,NSW,2753,25,Possible,nutrition (+25),,Australian ABN Bulk Extract
48234113223,PRACTICAL NUTRITION AND WELLNESS,Individual/Sole Trader,ACT,NON,SA,5063,25,Possible,nutrition (+25),,Australian ABN Bulk Extract
48404031798,SHAYLA EVE NUTRITION,Individual/Sole Trader,ACT,NON,QLD,4053,25,Possible,nutrition (+25),,Australian ABN Bulk Extract
48404739933,SOVEREIGN COVE NATURAL PRODUCTS,Individual/Sole Trader,ACT,ACT,NSW,2283,35,Possible,natural products (+35),,Australian ABN Bulk Extract
48407885174,HIGHLAND GROCERY AND KRISTINA TRANSPORT,Individual/Sole Trader,ACT,ACT,NSW,2575,40,Good potential,grocery (+20); grocer (+20),,Australian ABN Bulk Extract
48432790589,ENLIGHTENED NUTRITION,Individual/Sole Trader,ACT,ACT,QLD,4560,25,Possible,nutrition (+25),,Australian ABN Bulk Extract
48466345434,Cindy Lee Dietitian and Nutritionist,Individual/Sole Trader,ACT,CAN,QLD,4030,25,Possible,nutrition (+25),,Australian ABN Bulk Extract
48472922521,GV NATURAL PRODUCTS,Individual/Sole Trader,ACT,CAN,VIC,3631,35,Possible,natural products (+35),,Australian ABN Bulk Extract
48515408246,NUTRITION FOR NEURONS,Individual/Sole Trader,ACT,NON,VIC,3136,25,Possible,nutrition (+25),,Australian ABN Bulk Extract
48527147312,Supplement Store Bargains,Individual/Sole Trader,ACT,CAN,VIC,3204,25,Possible,supplement (+25),,Australian ABN Bulk Extract
48558741529,Aussie Online Supplements,Individual/Sole Trader,ACT,ACT,SA,5096,25,Possible,supplement (+25),,Australian ABN Bulk Extract
48586859388,AUSTRALIAN NUTRITION RESEARCH & EDUCATION ASSOCIATION INCORPORATED,Other Incorporated Entity,ACT,NON,SA,5070,25,Possible,nutrition (+25),,Australian ABN Bulk Extract
48602660668,WISPRO NUTRITION TECH AUSTRALIA PTY LTD,Australian Private Company,ACT,ACT,SA,5064,25,Possible,nutrition (+25),,Australian ABN Bulk Extract
48606835803,ZINPRO ANIMAL NUTRITION AUSTRALIA PTY LTD,Australian Private Company,ACT,ACT,QLD,4060,25,Possible,nutrition (+25),,Australian ABN Bulk Extract
48613221373,ASN DARLINGHURST SPORTS NUTRITION PTY LTD,Australian Private Company,ACT,ACT,NSW,2010,25,Possible,nutrition (+25),,Australian ABN Bulk Extract
48613531678,AUSTRALASIAN INSTITUTE FOR MEDICAL NUTRITION PTY LTD,Australian Private Company,ACT,ACT,VIC,3195,25,Possible,nutrition (+25),,Australian ABN Bulk Extract
48628250054,JB Nutrition,Individual/Sole Trader,ACT,NON,VIC,3095,25,Possible,nutrition (+25),,Australian ABN Bulk Extract
48629781861,DOWN TO EARTH NUTRITION,Individual/Sole Trader,ACT,NON,VIC,3847,25,Possible,nutrition (+25),,Australian ABN Bulk Extract
48646400340,ELEVATE HEALTH NUTRITION,Individual/Sole Trader,ACT,NON,NT,0838,25,Possible,nutrition (+25),,Australian ABN Bulk Extract
48651098690,JAF'S MIXED GROCERY PTY LTD,Australian Private Company,ACT,ACT,NSW,2170,40,Good potential,grocery (+20); grocer (+20),,Australian ABN Bulk Extract
48664963919,SUPERFOOD PTY LTD,Australian Private Company,ACT,ACT,QLD,4128,45,Good potential,superfood (+45),,Australian ABN Bulk Extract
48665696159,GOODNESS GRACIOUS NUTRITION PTY LTD,Australian Private Company,ACT,ACT,NSW,2089,25,Possible,nutrition (+25),,Australian ABN Bulk Extract
48667612544,NIGHT WORK NUTRITION PTY LTD,Australian Private Company,ACT,ACT,NSW,2302,25,Possible,nutrition (+25),,Australian ABN Bulk Extract
48668683823,VALENTINE NUTRITION PTY LTD,Australian Private Company,ACT,ACT,NSW,2322,25,Possible,nutrition (+25),,Australian ABN Bulk Extract
48672877150,Whole Approach Nutrition,Individual/Sole Trader,ACT,NON,NSW,2486,25,Possible,nutrition (+25),,Australian ABN Bulk Extract
48679502982,ASIAN GROCERY TO U PTY LTD,Australian Private Company,ACT,NON,VIC,3076,40,Good potential,grocery (+20); grocer (+20),,Australian ABN Bulk Extract
48682931200,BRIGHT NUTRITION BY DIMA PTY LTD,Australian Private Company,ACT,ACT,VIC,3977,25,Possible,nutrition (+25),,Australian ABN Bulk Extract
48689211194,STRIIX NUTRITION PTY LTD,Australian Private Company,ACT,ACT,NSW,2010,25,Possible,nutrition (+25),,Australian ABN Bulk Extract
48689768134,AUSTRALIAN SPORTS NUTRITION SALE PTY LTD,Australian Private Company,ACT,ACT,QLD,4217,25,Possible,nutrition (+25),,Australian ABN Bulk Extract
48694325534,DERRIMUT SUPPLEMENTS PTY LIMITED,Australian Private Company,ACT,ACT,VIC,3207,25,Possible,supplement (+25),,Australian ABN Bulk Extract
48694402117,Nutritionist On The Go,Individual/Sole Trader,ACT,NON,NSW,2298,25,Possible,nutrition (+25),,Australian ABN Bulk Extract
48694996748,NB NUTRITION PTY LTD,Australian Private Company,ACT,ACT,NSW,2283,25,Possible,nutrition (+25),,Australian ABN Bulk Extract
48699816751,FEED NUTRITION,Individual/Sole Trader,ACT,NON,VIC,3205,25,Possible,nutrition (+25),,Australian ABN Bulk Extract
48716486923,Coastal Shine Nutrition,Individual/Sole Trader,ACT,ACT,TAS,7310,25,Possible,nutrition (+25),,Australian ABN Bulk Extract
48734601498,AUS INSTITUTE OF PET NUTRITION,Individual/Sole Trader,ACT,ACT,WA,6100,25,Possible,nutrition (+25),,Australian ABN Bulk Extract
48747895181,STARTRIGHT NUTRITION,Individual/Sole Trader,ACT,CAN,SA,5016,25,Possible,nutrition (+25),,Australian ABN Bulk Extract
48824517584,The Trustee for DAI PHAT GROCERY ADELAIDE UNIT TRUST,Fixed Unit Trust,ACT,ACT,SA,5063,40,Good potential,grocery (+20); grocer (+20),,Australian ABN Bulk Extract
48871595567,FORTITUDE FACTOR - COACHING & NUTRITION,Individual/Sole Trader,ACT,NON,VIC,3090,25,Possible,nutrition (+25),,Australian ABN Bulk Extract
48936948614,WHITE EAGLE NATURAL PRODUCTS,Individual/Sole Trader,ACT,NON,NSW,2482,35,Possible,natural products (+35),,Australian ABN Bulk Extract
48957949090,MELANIE JAGO NUTRITION,Individual/Sole Trader,ACT,NON,QLD,4868,25,Possible,nutrition (+25),,Australian ABN Bulk Extract
48965274578,COASTAL PERFORMANCE NUTRITION,Individual/Sole Trader,ACT,NON,NSW,2850,25,Possible,nutrition (+25),,Australian ABN Bulk Extract
48971717966,Nutritional Supplement Services,Individual/Sole Trader,ACT,ACT,WA,6170,50,Good potential,supplement (+25); nutrition (+25),,Australian ABN Bulk Extract
48980188914,REALISTIC NUTRITION,Individual/Sole Trader,ACT,NON,VIC,3103,25,Possible,nutrition (+25),,Australian ABN Bulk Extract
48990251582,Kate Rose Nutrition,Individual/Sole Trader,ACT,NON,QLD,4518,25,Possible,nutrition (+25),,Australian ABN Bulk Extract
49098780771,NUTRITIONAL FOODS PTY LTD,Australian Private Company,ACT,CAN,QLD,4207,35,Possible,nutrition (+25); food (+10),,Australian ABN Bulk Extract
49120807694,Australian Chamber for Parents Children Health and Nutrition,Other Unincorporated Entity,ACT,NON,QLD,4217,25,Possible,nutrition (+25),,Australian ABN Bulk Extract
49159703652,SYDNEY FOOD AND GROCERIES PTY LTD,Australian Private Company,ACT,CAN,NSW,2150,30,Possible,grocer (+20); food (+10),,Australian ABN Bulk Extract
49205566348,Spice Nutrition,Individual/Sole Trader,ACT,NON,VIC,3159,25,Possible,nutrition (+25),,Australian ABN Bulk Extract
49236920293,SASNUTRITION,Individual/Sole Trader,ACT,NON,SA,5253,25,Possible,nutrition (+25),,Australian ABN Bulk Extract
49296484810,THE AWAKE NUTRITIONIST,Individual/Sole Trader,ACT,NON,WA,6069,25,Possible,nutrition (+25),,Australian ABN Bulk Extract
49302782192,The trustee for SYNERGY NATURAL PRODUCTS TRUST,Discretionary Trading Trust,ACT,ACT,NSW,2113,35,Possible,natural products (+35),,Australian ABN Bulk Extract
49334968935,The Trustee for SUPPLEMENT CITY UNIT TRUST,Fixed Trust,ACT,ACT,QLD,4151,25,Possible,supplement (+25),,Australian ABN Bulk Extract
49386192380,Thrive Naturopathy and Nutrition,Individual/Sole Trader,ACT,NON,NSW,2155,25,Possible,nutrition (+25),,Australian ABN Bulk Extract
49429019051,CONVENIENT NUTRITION,Individual/Sole Trader,ACT,NON,VIC,3782,25,Possible,nutrition (+25),,Australian ABN Bulk Extract
49441297289,NUTRITION BY MONAE,Individual/Sole Trader,ACT,NON,QLD,4216,25,Possible,nutrition (+25),,Australian ABN Bulk Extract
49540981150,1two1 Vegan Cafe & Organic Grocer,Individual/Sole Trader,ACT,ACT,NSW,2750,35,Possible,grocer (+20); organic (+15),,Australian ABN Bulk Extract
49545882017,CONDITIONED NUTRITION,Individual/Sole Trader,ACT,NON,VIC,3084,25,Possible,nutrition (+25),,Australian ABN Bulk Extract
49596100516,Nutrition Foundations,Individual/Sole Trader,ACT,NON,NSW,2290,25,Possible,nutrition (+25),,Australian ABN Bulk Extract
49605992667,DANI ORGANIC FOODS (AUST) PTY LTD,Australian Private Company,ACT,ACT,NSW,2223,40,Good potential,organic food (+40),,Australian ABN Bulk Extract
49624785477,AGRI NUTRITION PTY LTD,Australian Private Company,ACT,ACT,SA,5353,25,Possible,nutrition (+25),,Australian ABN Bulk Extract
49631396735,OPTIMAL TRAINING AND NUTRITION,Individual/Sole Trader,ACT,ACT,QLD,4032,25,Possible,nutrition (+25),,Australian ABN Bulk Extract
49634296870,BAY NUTRITION PTY LTD,Australian Private Company,ACT,ACT,NSW,2315,25,Possible,nutrition (+25),,Australian ABN Bulk Extract
49666632891,ONE POT SUPERFOOD PTY LTD,Australian Private Company,ACT,ACT,QLD,4313,45,Good potential,superfood (+45),,Australian ABN Bulk Extract
49667598049,COASTLINE NUTRITION PTY LTD,Australian Private Company,ACT,NON,QLD,4211,25,Possible,nutrition (+25),,Australian ABN Bulk Extract
49677435424,TO BE NUTRITION PTY LTD,Australian Private Company,ACT,NON,NSW,2019,25,Possible,nutrition (+25),,Australian ABN Bulk Extract
49680461125,FUTURE DAYS NUTRITION COACHING & BODY ANALYSIS PTY LTD,Australian Private Company,ACT,ACT,SA,5088,25,Possible,nutrition (+25),,Australian ABN Bulk Extract
49681152929,EK NUTRITION PTY LTD,Australian Private Company,ACT,ACT,NSW,2481,25,Possible,nutrition (+25),,Australian ABN Bulk Extract
49697444492,TRANSFORMER NUTRITION HUB PTY LTD,Australian Private Company,ACT,NON,NSW,2155,25,Possible,nutrition (+25),,Australian ABN Bulk Extract
49720724464,Nutrition Asia Group Australia,Individual/Sole Trader,ACT,NON,QLD,4560,25,Possible,nutrition (+25),,Australian ABN Bulk Extract
49742201085,Parenteral Nutrition Down Under Inc.,Other Incorporated Entity,ACT,NON,NSW,2031,25,Possible,nutrition (+25),,Australian ABN Bulk Extract
49770952985,NOURISHWISE NUTRITION,Individual/Sole Trader,ACT,NON,WA,6148,25,Possible,nutrition (+25),,Australian ABN Bulk Extract
49853452544,YOU Athlete Nutrition,Individual/Sole Trader,ACT,NON,NSW,2087,25,Possible,nutrition (+25),,Australian ABN Bulk Extract
49855411885,SEASIDE HEALTH FOODS,Individual/Sole Trader,ACT,NON,QLD,4558,40,Good potential,health food (+40),,Australian ABN Bulk Extract
49884400425,THRIVE NUTRITION & WELLNESS CO,Individual/Sole Trader,ACT,NON,WA,6025,25,Possible,nutrition (+25),,Australian ABN Bulk Extract
49909835035,YOU DO YOU NUTRITION,Individual/Sole Trader,ACT,NON,WA,6751,25,Possible,nutrition (+25),,Australian ABN Bulk Extract
49946862171,Nutrition Health Experts,Individual/Sole Trader,ACT,ACT,SA,5031,25,Possible,nutrition (+25),,Australian ABN Bulk Extract
50058713661,GROCERY SUPPLY PTY LTD,Australian Private Company,ACT,ACT,VIC,3910,40,Good potential,grocery (+20); grocer (+20),,Australian ABN Bulk Extract
50086356158,"BLIND WHOLESALERS, DISTRIBUTORS & MANUFACTURERS PTY LTD",Australian Private Company,ACT,ACT,WA,6090,30,Possible,wholesale (+15); distributor (+15),,Australian ABN Bulk Extract
50108239096,MRSUPPLEMENT.COM.AU PTY LTD,Australian Private Company,ACT,ACT,NSW,2153,25,Possible,supplement (+25),,Australian ABN Bulk Extract
50115723577,Pinnacle Athletics & Nutrition,Individual/Sole Trader,ACT,CAN,VIC,3030,25,Possible,nutrition (+25),,Australian ABN Bulk Extract
50138343599,LISA SHERMAN NUTRITION & COACHING,Individual/Sole Trader,ACT,NON,NSW,2036,25,Possible,nutrition (+25),,Australian ABN Bulk Extract
50144825268,Better Training and Nutrition,Individual/Sole Trader,ACT,ACT,WA,6110,25,Possible,nutrition (+25),,Australian ABN Bulk Extract
50149582712,AUSTRALIAN SPORTS NUTRITION CASUARINA PTY LTD,Australian Private Company,ACT,ACT,QLD,4226,25,Possible,nutrition (+25),,Australian ABN Bulk Extract
50154121034,Nutrition Superstore Pty ltd,Australian Private Company,ACT,ACT,VIC,3107,25,Possible,nutrition (+25),,Australian ABN Bulk Extract
50162707250,The trustee for The Quinlan Nutrition Trust,Discretionary Trading Trust,ACT,ACT,WA,6009,25,Possible,nutrition (+25),,Australian ABN Bulk Extract
50164614071,Nomii Nutrition,Individual/Sole Trader,ACT,CAN,VIC,3190,25,Possible,nutrition (+25),,Australian ABN Bulk Extract
50234794215,Equine Nutrition Consultants,Individual/Sole Trader,ACT,ACT,NSW,2539,25,Possible,nutrition (+25),,Australian ABN Bulk Extract
50356131718,NOURISH THE SOUL NUTRITION,Individual/Sole Trader,ACT,NON,VIC,3036,25,Possible,nutrition (+25),,Australian ABN Bulk Extract
50356461156,Bytropic Nutrition,Individual/Sole Trader,ACT,ACT,NSW,2481,25,Possible,nutrition (+25),,Australian ABN Bulk Extract
50462886430,LION'S SHARE SUPPLEMENTS,Individual/Sole Trader,ACT,CAN,QLD,4215,25,Possible,supplement (+25),,Australian ABN Bulk Extract
50498387650,TRAINING NUTRITION,Individual/Sole Trader,ACT,NON,QLD,4108,25,Possible,nutrition (+25),,Australian ABN Bulk Extract
50498796694,ULTIMATE STRENGTH AND NUTRITION,Individual/Sole Trader,ACT,CAN,VIC,3193,25,Possible,nutrition (+25),,Australian ABN Bulk Extract
50568221816,GEN II NUTRITION,Individual/Sole Trader,ACT,NON,VIC,3806,25,Possible,nutrition (+25),,Australian ABN Bulk Extract
50572757341,SALT & LIGHT SUPERFOOD,Individual/Sole Trader,ACT,NON,NSW,2140,45,Good potential,superfood (+45),,Australian ABN Bulk Extract
50576347536,PHEED NUTRITION,Individual/Sole Trader,ACT,NON,WA,6027,25,Possible,nutrition (+25),,Australian ABN Bulk Extract
50603315519,WATAN MARKET AND GROCERY PTY LTD,Australian Private Company,ACT,ACT,WA,6065,40,Good potential,grocery (+20); grocer (+20),,Australian ABN Bulk Extract
50615610358,WINNING NUTRITION,Individual/Sole Trader,ACT,NON,QLD,4005,25,Possible,nutrition (+25),,Australian ABN Bulk Extract
50624697570,IMPACT NUTRITION PTY LTD,Australian Private Company,ACT,CAN,SA,5051,25,Possible,nutrition (+25),,Australian ABN Bulk Extract
50626307828,TAING 2 BUTCHER AND ASIAN GROCERY PTY LTD,Australian Private Company,ACT,ACT,SA,5108,40,Good potential,grocery (+20); grocer (+20),,Australian ABN Bulk Extract
50627422130,I on Nutrition,Individual/Sole Trader,ACT,NON,VIC,3810,25,Possible,nutrition (+25),,Australian ABN Bulk Extract
50634184268,WELL TECH NUTRITION PTY LTD,Australian Private Company,ACT,CAN,VIC,3049,25,Possible,nutrition (+25),,Australian ABN Bulk Extract
50637959112,The Trustee for VICTORIAN FOOD DISTRIBUTORS TRUST,Discretionary Trading Trust,ACT,CAN,VIC,3074,40,Good potential,food distributor (+40),,Australian ABN Bulk Extract
50639418947,EMMA SMYTH NUTRITION PTY LTD,Australian Private Company,ACT,NON,WA,6153,25,Possible,nutrition (+25),,Australian ABN Bulk Extract
50640057648,DAI TAN ASIAN GROCERY,Individual/Sole Trader,ACT,NON,VIC,3121,40,Good potential,grocery (+20); grocer (+20),,Australian ABN Bulk Extract
50644568490,GROCERY CONNECTION PTY LTD,Australian Private Company,ACT,ACT,QLD,4565,40,Good potential,grocery (+20); grocer (+20),,Australian ABN Bulk Extract
50645771777,INNER HEALTH FOODS PTY LTD,Australian Private Company,ACT,ACT,NSW,2155,40,Good potential,health food (+40),,Australian ABN Bulk Extract
50656284767,LIFESPAN SUPPLEMENTS PTY LTD,Australian Private Company,ACT,ACT,QLD,4521,25,Possible,supplement (+25),,Australian ABN Bulk Extract
50660321273,LIDCOMBE HEALTH FOOD SUPPLIER PTY LTD,Australian Private Company,ACT,CAN,NSW,2141,40,Good potential,health food (+40),,Australian ABN Bulk Extract
50664393677,ELITE SUPPLEMENTS BIRKENHEAD PTY LTD,Australian Private Company,ACT,ACT,NSW,2047,25,Possible,supplement (+25),,Australian ABN Bulk Extract
50670770359,M.E S.O PERFORMANCE NUTRITION PTY LTD,Australian Private Company,ACT,NON,NSW,2557,25,Possible,nutrition (+25),,Australian ABN Bulk Extract
50680691623,AUSTRALIA NULLARBOR CAMEL NUTRITION PTY LTD,Australian Private Company,ACT,NON,NSW,2065,25,Possible,nutrition (+25),,Australian ABN Bulk Extract
50681348149,MORE THAN NUTRITIONALS PTY LTD,Australian Private Company,ACT,ACT,NSW,2483,25,Possible,nutrition (+25),,Australian ABN Bulk Extract
50681524729,PLAYGROUND SUPPLEMENTS PTY LTD,Australian Private Company,ACT,NON,VIC,3181,25,Possible,supplement (+25),,Australian ABN Bulk Extract
50682153662,TAKE ME SUPPLEMENTS PTY LTD,Australian Private Company,ACT,CAN,VIC,3185,25,Possible,supplement (+25),,Australian ABN Bulk Extract
50684919024,MAHALAXMI GROCERY STORE PTY LTD,Australian Private Company,ACT,ACT,QLD,4506,40,Good potential,grocery (+20); grocer (+20),,Australian ABN Bulk Extract
50688239214,INSIDE-OUT NUTRITION & MASSAGE PTY LTD,Australian Private Company,ACT,ACT,SA,5118,25,Possible,nutrition (+25),,Australian ABN Bulk Extract
50690868538,SPIRIT NUTRITION PTY LTD,Australian Private Company,ACT,NON,QLD,4114,25,Possible,nutrition (+25),,Australian ABN Bulk Extract
50696624398,OLIVE TREE NUTRITION AND MEDITATION PTY LTD,Australian Private Company,ACT,ACT,QLD,4552,25,Possible,nutrition (+25),,Australian ABN Bulk Extract
50700213314,DUBAI GROCERY PTY LTD,Australian Private Company,ACT,ACT,NSW,2160,40,Good potential,grocery (+20); grocer (+20),,Australian ABN Bulk Extract
50700947271,THE WHOLESALE GROCERY PTY LTD,Australian Private Company,ACT,ACT,WA,6016,55,Good potential,grocery (+20); grocer (+20); wholesale (+15),,Australian ABN Bulk Extract
50704643706,Uniquely You Nutrition,Individual/Sole Trader,ACT,NON,QLD,4012,25,Possible,nutrition (+25),,Australian ABN Bulk Extract
50722032197,HOOKED ON NUTRITION,Individual/Sole Trader,ACT,NON,NSW,2155,25,Possible,nutrition (+25),,Australian ABN Bulk Extract
50753129944,Iceberg Serious Nutrition,Individual/Sole Trader,ACT,ACT,NSW,2480,25,Possible,nutrition (+25),,Australian ABN Bulk Extract
50838529594,ENERGISE NUTRITION AND DIETETICS,Individual/Sole Trader,ACT,NON,QLD,4171,25,Possible,nutrition (+25),,Australian ABN Bulk Extract
50851413276,Incline Nutrition and Dietetics,Individual/Sole Trader,ACT,NON,NSW,2219,25,Possible,nutrition (+25),,Australian ABN Bulk Extract
50862944776,NEWTOWN NUTRITION,Individual/Sole Trader,ACT,ACT,NSW,2298,25,Possible,nutrition (+25),,Australian ABN Bulk Extract
50876343796,NOVA NUTRITION,Individual/Sole Trader,ACT,ACT,SA,5158,25,Possible,nutrition (+25),,Australian ABN Bulk Extract
50886306796,Begin Well Nutrition,Individual/Sole Trader,ACT,NON,VIC,4208,25,Possible,nutrition (+25),,Australian ABN Bulk Extract
50887495510,Collective Results Nutrition,Individual/Sole Trader,ACT,CAN,NSW,2028,25,Possible,nutrition (+25),,Australian ABN Bulk Extract
50887647822,Mama and Baby Nutrition,Individual/Sole Trader,ACT,NON,NSW,2090,25,Possible,nutrition (+25),,Australian ABN Bulk Extract
50910076106,On The Pulse Nutrition,Individual/Sole Trader,ACT,NON,QLD,4032,25,Possible,nutrition (+25),,Australian ABN Bulk Extract
50972210968,Organic Foodscapes,Individual/Sole Trader,ACT,ACT,NSW,2068,40,Good potential,organic food (+40),,Australian ABN Bulk Extract
51005253546,HYKER FOOD AND NUTRITION,Individual/Sole Trader,ACT,NON,VIC,3765,35,Possible,nutrition (+25); food (+10),,Australian ABN Bulk Extract
51102492987,PRECISION NUTRITION & DIETETICS BY Z,Individual/Sole Trader,ACT,NON,WA,6055,25,Possible,nutrition (+25),,Australian ABN Bulk Extract
51108372756,SS IMPORTERS & WHOLESALERS PTY LIMITED,Australian Private Company,ACT,CAN,NSW,2164,25,Possible,wholesale (+15); importer (+10),,Australian ABN Bulk Extract
51128079711,Rosie Castle Nutrition,Individual/Sole Trader,ACT,NON,NSW,2203,25,Possible,nutrition (+25),,Australian ABN Bulk Extract
51134799401,NUTRITIONAL ANALYSIS PTY LTD,Australian Private Company,ACT,ACT,VIC,3043,25,Possible,nutrition (+25),,Australian ABN Bulk Extract
51143664019,Infinit Nutrition Pty Ltd,Australian Private Company,ACT,CAN,QLD,4573,25,Possible,nutrition (+25),,Australian ABN Bulk Extract
51158984840,CATALINA WORLD ASIAN GROCERY PTY LTD,Australian Private Company,ACT,NON,SA,5024,40,Good potential,grocery (+20); grocer (+20),,Australian ABN Bulk Extract
51188943662,Mee Mee Asia grocery,Individual/Sole Trader,ACT,ACT,VIC,3028,40,Good potential,grocery (+20); grocer (+20),,Australian ABN Bulk Extract
51256440735,HARD EIGHT NUTRITION LLC,Other Incorporated Entity,ACT,ACT,,89011,25,Possible,nutrition (+25),,Australian ABN Bulk Extract
51279386949,Rooty Hill Grocery,Individual/Sole Trader,ACT,ACT,NSW,2770,40,Good potential,grocery (+20); grocer (+20),,Australian ABN Bulk Extract
51325183318,NUTRITION BY JORJA,Individual/Sole Trader,ACT,NON,WA,6164,25,Possible,nutrition (+25),,Australian ABN Bulk Extract
51341012559,ST4TE SUPPLEMENTS,Individual/Sole Trader,ACT,NON,VIC,3083,25,Possible,supplement (+25),,Australian ABN Bulk Extract
51345560030,PREHAB NUTRITION,Individual/Sole Trader,ACT,NON,QLD,4220,25,Possible,nutrition (+25),,Australian ABN Bulk Extract
51375249099,KHIEM THANH ASIAN GROCERY & FRUIT,Individual/Sole Trader,ACT,CAN,NSW,2166,40,Good potential,grocery (+20); grocer (+20),,Australian ABN Bulk Extract
51403628335,Physical Best Health & Nutrition,Individual/Sole Trader,ACT,ACT,NSW,2100,25,Possible,nutrition (+25),,Australian ABN Bulk Extract
51517541076,Son Ha's Asian Grocery,Individual/Sole Trader,ACT,CAN,SA,5114,40,Good potential,grocery (+20); grocer (+20),,Australian ABN Bulk Extract
51534171898,Remedy Nutrition,Individual/Sole Trader,ACT,NON,NSW,2250,25,Possible,nutrition (+25),,Australian ABN Bulk Extract
51545387698,BOSS TOBACCO & GROCERY,Individual/Sole Trader,ACT,ACT,NSW,2450,40,Good potential,grocery (+20); grocer (+20),,Australian ABN Bulk Extract
51604271248,Wild Vibes Nutrition,Individual/Sole Trader,ACT,NON,QLD,4878,25,Possible,nutrition (+25),,Australian ABN Bulk Extract
51612935921,ORGANIC & GLUTEN FREE SPECIALITY FOODS (AUSTRALIA) PTY LTD,Australian Private Company,ACT,ACT,VIC,3188,25,Possible,organic (+15); food (+10),,Australian ABN Bulk Extract
51613452690,AVS ORGANIC FOODS PTY. LTD.,Australian Private Company,ACT,CAN,VIC,3087,40,Good potential,organic food (+40),,Australian ABN Bulk Extract
51616900871,SWIFT NUTRITION PTY LTD,Australian Private Company,ACT,CAN,VIC,3084,25,Possible,nutrition (+25),,Australian ABN Bulk Extract
51619392442,NATURAL SUPERFOODS PTY LTD,Australian Private Company,ACT,ACT,VIC,3061,45,Good potential,superfood (+45),,Australian ABN Bulk Extract
51621712249,ONCORE NUTRITION PTY LTD,Australian Private Company,ACT,ACT,VIC,3162,25,Possible,nutrition (+25),,Australian ABN Bulk Extract
51626689613,ESSENCE NUTRITION,Individual/Sole Trader,ACT,NON,VIC,3029,25,Possible,nutrition (+25),,Australian ABN Bulk Extract
51634131105,HEALTH FOODARY PTY LTD,Australian Private Company,ACT,CAN,QLD,4000,40,Good potential,health food (+40),,Australian ABN Bulk Extract
51636694490,ALDA NUTRITION PTY LTD,Australian Private Company,ACT,NON,NSW,2126,25,Possible,nutrition (+25),,Australian ABN Bulk Extract
51642269374,MARA CHIN GROCERY,Individual/Sole Trader,ACT,ACT,VIC,3338,40,Good potential,grocery (+20); grocer (+20),,Australian ABN Bulk Extract
51665410524,WELLNESS NUTRITION MIDDLE PARK PTY LTD,Australian Private Company,ACT,ACT,QLD,4300,25,Possible,nutrition (+25),,Australian ABN Bulk Extract
51666107188,MYKIK SUPPLEMENTS PTY LTD,Australian Private Company,ACT,NON,NSW,2190,25,Possible,supplement (+25),,Australian ABN Bulk Extract
51670398142,NUTRITION BOSS WARRAWONG PTY LTD,Australian Private Company,ACT,ACT,NSW,2525,25,Possible,nutrition (+25),,Australian ABN Bulk Extract
51670486496,AMELIA ROSE NUTRITION PTY LTD,Australian Private Company,ACT,ACT,SA,5034,25,Possible,nutrition (+25),,Australian ABN Bulk Extract
51671453124,FOODFULLY NUTRITION PTY LTD.,Australian Private Company,ACT,ACT,VIC,3130,35,Possible,nutrition (+25); food (+10),,Australian ABN Bulk Extract
51678138513,MADDINGLEY INDIAN GROCERY PTY LTD,Australian Private Company,ACT,ACT,VIC,3336,40,Good potential,grocery (+20); grocer (+20),,Australian ABN Bulk Extract
51680464886,PURELY BALANCED NUTRITION PTY. LTD.,Australian Private Company,ACT,CAN,VIC,3082,25,Possible,nutrition (+25),,Australian ABN Bulk Extract
51681083214,THE GROCERY SPOT PTY LTD,Australian Private Company,ACT,ACT,NSW,2000,40,Good potential,grocery (+20); grocer (+20),,Australian ABN Bulk Extract
51688253113,LUME NUTRITION,Individual/Sole Trader,ACT,ACT,NSW,2095,25,Possible,nutrition (+25),,Australian ABN Bulk Extract
51689264748,LIQUID SUPPLEMENTS CO PTY LTD,Australian Private Company,ACT,NON,VIC,3016,25,Possible,supplement (+25),,Australian ABN Bulk Extract
51696747912,OISHII FOOD DISTRIBUTORS PTY LTD,Australian Private Company,ACT,ACT,VIC,3175,40,Good potential,food distributor (+40),,Australian ABN Bulk Extract
51708465906,Latoya Walker Nutrition,Individual/Sole Trader,ACT,NON,NSW,2042,25,Possible,nutrition (+25),,Australian ABN Bulk Extract
51754758178,JULIA CUSTOMISED NUTRITION,Individual/Sole Trader,ACT,ACT,VIC,3024,25,Possible,nutrition (+25),,Australian ABN Bulk Extract
51816642800,Nutrition7,Individual/Sole Trader,ACT,NON,QLD,4216,25,Possible,nutrition (+25),,Australian ABN Bulk Extract
51870687015,NUTRITION PULSE,Individual/Sole Trader,ACT,CAN,NSW,2566,25,Possible,nutrition (+25),,Australian ABN Bulk Extract
51877815026,HEALTH BODY SOUL NUTRITION,Individual/Sole Trader,ACT,NON,VIC,3067,25,Possible,nutrition (+25),,Australian ABN Bulk Extract
51885668294,Dr Anita Star Nutrition Consultant,Individual/Sole Trader,ACT,ACT,NSW,2640,25,Possible,nutrition (+25),,Australian ABN Bulk Extract
51903786002,DARCIE ELLEN NUTRITION,Individual/Sole Trader,ACT,NON,VIC,3140,25,Possible,nutrition (+25),,Australian ABN Bulk Extract
51995436951,SHANS ADELAIDE MALAYSIAN GROCERY,Individual/Sole Trader,ACT,ACT,SA,5096,40,Good potential,grocery (+20); grocer (+20),,Australian ABN Bulk Extract
52022985919,ARABIC BILINGUAL NUTRITION EDUCATION,Individual/Sole Trader,ACT,CAN,VIC,3030,25,Possible,nutrition (+25),,Australian ABN Bulk Extract
52025742517,Casa Di Moringa,Individual/Sole Trader,ACT,CAN,SA,5082,60,High potential,moringa (+60),,Australian ABN Bulk Extract
52083477314,NUTRITIONAL BALANCE,Individual/Sole Trader,ACT,NON,VIC,3782,25,Possible,nutrition (+25),,Australian ABN Bulk Extract
52141783290,Simply Nourished Nutrition and Dietetics,Individual/Sole Trader,ACT,NON,SA,5345,25,Possible,nutrition (+25),,Australian ABN Bulk Extract
52150348430,The Trustee for Hugsiam Asian Grocery 168,Discretionary Trading Trust,ACT,ACT,VIC,3215,40,Good potential,grocery (+20); grocer (+20),,Australian ABN Bulk Extract
52161414812,KIM HUONG GROCERY,Individual/Sole Trader,ACT,NON,VIC,3021,40,Good potential,grocery (+20); grocer (+20),,Australian ABN Bulk Extract
52169820571,SUPERFOOD INTERNATIONAL PTY LTD,Australian Private Company,ACT,CAN,NSW,2022,45,Good potential,superfood (+45),,Australian ABN Bulk Extract
52205383232,ELEVATE NUTRITION HUB,Individual/Sole Trader,ACT,NON,VIC,3810,25,Possible,nutrition (+25),,Australian ABN Bulk Extract
52233269582,The Trustee for Number 1 Nutrition,Discretionary Trading Trust,ACT,ACT,NSW,2121,25,Possible,nutrition (+25),,Australian ABN Bulk Extract
52270106028,Feel Good Club nutrition,Individual/Sole Trader,ACT,NON,NSW,2259,25,Possible,nutrition (+25),,Australian ABN Bulk Extract
52325604933,NUTRITIONAL & CO.,Individual/Sole Trader,ACT,NON,NSW,2259,25,Possible,nutrition (+25),,Australian ABN Bulk Extract
52338218831,Cape to Cape Nutrition,Individual/Sole Trader,ACT,ACT,WA,6280,25,Possible,nutrition (+25),,Australian ABN Bulk Extract
52342388905,Empower Nutrition and Wellness,Individual/Sole Trader,ACT,ACT,WA,6716,25,Possible,nutrition (+25),,Australian ABN Bulk Extract
52379917372,THE PLANT NUTRITION TRUST,Other Unincorporated Entity,ACT,NON,ACT,2601,25,Possible,nutrition (+25),,Australian ABN Bulk Extract
52433948918,Nutrition Perspective,Individual/Sole Trader,ACT,NON,NSW,2285,25,Possible,nutrition (+25),,Australian ABN Bulk Extract
52501429548,GO VITA HEALTH FOODS SHOP 27 STRATHFIELD PLAZA STRATHFIELD NSW 213,Individual/Sole Trader,ACT,ACT,NSW,2135,40,Good potential,health food (+40),,Australian ABN Bulk Extract
52534225293,NUTRITION DETECTIVE,Individual/Sole Trader,ACT,NON,QLD,4051,25,Possible,nutrition (+25),,Australian ABN Bulk Extract
52604133628,MASS NUTRITION BENDIGO PTY LTD,Australian Private Company,ACT,ACT,VIC,3550,25,Possible,nutrition (+25),,Australian ABN Bulk Extract
52608990496,JANNAWAY IMPORTERS & DISTRIBUTORS PTY LTD,Australian Private Company,ACT,ACT,QLD,4210,25,Possible,distributor (+15); importer (+10),,Australian ABN Bulk Extract
52610486032,T & T WALLES FOOD DISTRIBUTORS PTY LTD,Australian Private Company,ACT,ACT,VIC,3152,40,Good potential,food distributor (+40),,Australian ABN Bulk Extract
52618085975,MARKRIS WHOLESALE FOODS HOLDING PTY LTD,Australian Private Company,ACT,NON,QLD,4566,25,Possible,wholesale (+15); food (+10),,Australian ABN Bulk Extract
52624044686,FIT NUTRITION PTY LTD,Australian Private Company,ACT,ACT,QLD,4870,25,Possible,nutrition (+25),,Australian ABN Bulk Extract
52634932372,L.D NUTRITION CARE,Individual/Sole Trader,ACT,ACT,ACT,2602,25,Possible,nutrition (+25),,Australian ABN Bulk Extract
52665064291,VITAL HEALTH NUTRITION PTY LTD,Australian Private Company,ACT,CAN,NSW,2147,25,Possible,nutrition (+25),,Australian ABN Bulk Extract
52668725577,KRAZY GOOD NUTRITION PTY LTD,Australian Private Company,ACT,ACT,QLD,4211,25,Possible,nutrition (+25),,Australian ABN Bulk Extract
52676859608,SAM GROCERIES AND FOOD PTY LTD,Australian Private Company,ACT,ACT,NSW,2194,30,Possible,grocer (+20); food (+10),,Australian ABN Bulk Extract
52678900733,BASE NUTRITION PTY LTD,Australian Private Company,ACT,ACT,WA,6062,25,Possible,nutrition (+25),,Australian ABN Bulk Extract
52693287580,DREAM NUTRITION PTY LTD.,Australian Private Company,ACT,NON,QLD,4159,25,Possible,nutrition (+25),,Australian ABN Bulk Extract
52773783242,NUTRITIONALLY SOUND,Individual/Sole Trader,ACT,NON,NSW,2774,25,Possible,nutrition (+25),,Australian ABN Bulk Extract
52812919423,INFORMED NUTRITION,Individual/Sole Trader,ACT,ACT,NSW,2515,25,Possible,nutrition (+25),,Australian ABN Bulk Extract
52829296656,PERA-HERA SUPERFOODS,Individual/Sole Trader,ACT,NON,NSW,2769,45,Good potential,superfood (+45),,Australian ABN Bulk Extract
52848679012,GOOD SENSE HEALTH FOODS,Individual/Sole Trader,ACT,CAN,NSW,2444,40,Good potential,health food (+40),,Australian ABN Bulk Extract
52861157579,Noosa Organic Food Co-operative Limited,Co-operative,ACT,NON,QLD,4567,40,Good potential,organic food (+40),,Australian ABN Bulk Extract
52862881541,REAL HEALTH NUTRITION,Individual/Sole Trader,ACT,NON,VIC,3752,25,Possible,nutrition (+25),,Australian ABN Bulk Extract
52884107855,NUTRITION BY AMY,Individual/Sole Trader,ACT,NON,NSW,2155,25,Possible,nutrition (+25),,Australian ABN Bulk Extract
52934547559,UNDISPUTED SUPPLEMENTS AU,Individual/Sole Trader,ACT,NON,NSW,2568,25,Possible,supplement (+25),,Australian ABN Bulk Extract
52953496435,Yum Yums Health Foods,Individual/Sole Trader,ACT,ACT,QLD,4873,40,Good potential,health food (+40),,Australian ABN Bulk Extract
52987994319,Family Matters Nutrition and Wellbeing,Individual/Sole Trader,ACT,ACT,NSW,2077,25,Possible,nutrition (+25),,Australian ABN Bulk Extract
52998657500,FMT Nutrition,Individual/Sole Trader,ACT,NON,QLD,4677,25,Possible,nutrition (+25),,Australian ABN Bulk Extract
53132768842,BODYSMART NUTRITION,Individual/Sole Trader,ACT,NON,WA,6168,25,Possible,nutrition (+25),,Australian ABN Bulk Extract
53150391003,Asian Food Wholesalers (Adelaide) Pty Ltd,Australian Private Company,ACT,ACT,SA,5011,75,High potential,food wholesaler (+40); food wholesale (+35),,Australian ABN Bulk Extract
53170836817,THE NUTRITION CENTRE,Individual/Sole Trader,ACT,NON,WA,6065,25,Possible,nutrition (+25),,Australian ABN Bulk Extract
53227916880,McArthur Natural Products,Individual/Sole Trader,ACT,CAN,NT,0846,35,Possible,natural products (+35),,Australian ABN Bulk Extract
53280434067,EVERGROW NUTRITION,Individual/Sole Trader,ACT,CAN,NSW,2773,25,Possible,nutrition (+25),,Australian ABN Bulk Extract
53283212092,The Daily Sip Nutrition,Individual/Sole Trader,ACT,NON,SA,5037,25,Possible,nutrition (+25),,Australian ABN Bulk Extract
53355160984,ds nutrition and coaching,Individual/Sole Trader,ACT,NON,QLD,4218,25,Possible,nutrition (+25),,Australian ABN Bulk Extract
53408168405,MARCHINI NUTRITION,Individual/Sole Trader,ACT,CAN,NSW,2259,25,Possible,nutrition (+25),,Australian ABN Bulk Extract
53425753921,NINGALOO NUTRITION & WELLNESS,Individual/Sole Trader,ACT,NON,WA,6707,25,Possible,nutrition (+25),,Australian ABN Bulk Extract
53428745893,Bloom Health and Nutrition,Individual/Sole Trader,ACT,NON,VIC,3806,25,Possible,nutrition (+25),,Australian ABN Bulk Extract
53469144935,THRIVE STRENGTH AND NUTRITION,Individual/Sole Trader,ACT,NON,NSW,2251,25,Possible,nutrition (+25),,Australian ABN Bulk Extract
53491542558,KindCo Nutrition,Individual/Sole Trader,ACT,NON,WA,6164,25,Possible,nutrition (+25),,Australian ABN Bulk Extract
53525409619,CORE NUTRITION IN BALANCE,Individual/Sole Trader,ACT,CAN,VIC,3143,25,Possible,nutrition (+25),,Australian ABN Bulk Extract
53575582915,PROGRESSIVE PERSONAL TRAINING & SPORTS NUTRITION,Individual/Sole Trader,ACT,NON,WA,6010,25,Possible,nutrition (+25),,Australian ABN Bulk Extract
53604011690,BARGAIN DEPOT GROCERY CLEARANCE (CRANBOURNE) PTY LTD,Australian Private Company,ACT,ACT,VIC,3977,40,Good potential,grocery (+20); grocer (+20),,Australian ABN Bulk Extract
53609142090,FEELIN IT NUTRITION,Individual/Sole Trader,ACT,NON,QLD,4217,25,Possible,nutrition (+25),,Australian ABN Bulk Extract
53626418510,ABC NUTRITION,Individual/Sole Trader,ACT,NON,NSW,2216,25,Possible,nutrition (+25),,Australian ABN Bulk Extract
53630848707,SUPPLEMENT WARFARE ADELAIDE PTY LTD,Australian Private Company,ACT,ACT,SA,5067,25,Possible,supplement (+25),,Australian ABN Bulk Extract
53642333622,KUYA JJ ASIAN GROCERY PTY LTD,Australian Private Company,ACT,ACT,VIC,3977,40,Good potential,grocery (+20); grocer (+20),,Australian ABN Bulk Extract
53642383480,PURE HEALTH NUTRITION PTY LTD,Australian Private Company,ACT,ACT,WA,6007,25,Possible,nutrition (+25),,Australian ABN Bulk Extract
53647424995,WALIA GROCERY PTY LTD,Australian Private Company,ACT,ACT,VIC,3338,40,Good potential,grocery (+20); grocer (+20),,Australian ABN Bulk Extract
53654637171,INSTITUTE OF HEALTH AND NUTRITION INNOVATION PTY LTD,Australian Private Company,ACT,ACT,QLD,4005,25,Possible,nutrition (+25),,Australian ABN Bulk Extract
53659910282,NOURISHED WITH NUTRITION PTY LTD,Australian Private Company,ACT,ACT,VIC,3350,25,Possible,nutrition (+25),,Australian ABN Bulk Extract
53660344166,PAUSE NUTRITION,Individual/Sole Trader,ACT,NON,NSW,2529,25,Possible,nutrition (+25),,Australian ABN Bulk Extract
53663334567,EARTHBOUND HEALTH FOODS PTY LTD,Australian Private Company,ACT,NON,QLD,4560,40,Good potential,health food (+40),,Australian ABN Bulk Extract
53666037921,THE NUTRITION BUNCH PTY LTD,Australian Private Company,ACT,NON,SA,5035,25,Possible,nutrition (+25),,Australian ABN Bulk Extract
53669082722,OBM NUTRITION COACHING PTY LTD,Australian Private Company,ACT,ACT,NSW,2026,25,Possible,nutrition (+25),,Australian ABN Bulk Extract
53679708313,WITH PURPOSE TRAINING AND NUTRITION PTY LTD,Australian Private Company,ACT,ACT,QLD,4304,25,Possible,nutrition (+25),,Australian ABN Bulk Extract
53679872381,MPH NUTRITION PTY LTD,Australian Private Company,ACT,ACT,NSW,2155,25,Possible,nutrition (+25),,Australian ABN Bulk Extract
53682431063,HAMRO GROCERY STORE BY WINNERS CIRCLE PTY. LTD.,Australian Private Company,ACT,ACT,NSW,2144,40,Good potential,grocery (+20); grocer (+20),,Australian ABN Bulk Extract
53685796785,SUSSEX ST GROCERY PTY LTD,Australian Private Company,ACT,ACT,NSW,2000,40,Good potential,grocery (+20); grocer (+20),,Australian ABN Bulk Extract
53690881442,NUTRITION PLUS INNOVATIONS PTY LTD,Australian Private Company,ACT,ACT,VIC,3206,25,Possible,nutrition (+25),,Australian ABN Bulk Extract
53691043857,KIM GROCERY PTY LTD,Australian Private Company,ACT,NON,VIC,3000,40,Good potential,grocery (+20); grocer (+20),,Australian ABN Bulk Extract
53691066921,I.BELIEVE NUTRITION PTY LTD,Australian Private Company,ACT,NON,QLD,4226,25,Possible,nutrition (+25),,Australian ABN Bulk Extract
53691729512,NEWY NUTRITION CO. PTY LIMITED,Australian Private Company,ACT,ACT,NSW,2322,25,Possible,nutrition (+25),,Australian ABN Bulk Extract
53693612378,SIDHU GROCERY PTY LTD,Australian Private Company,ACT,NON,NSW,2650,40,Good potential,grocery (+20); grocer (+20),,Australian ABN Bulk Extract
53694342188,CREATING HEALTH FOODS PTY LTD,Australian Private Company,ACT,ACT,VIC,3173,40,Good potential,health food (+40),,Australian ABN Bulk Extract
53696025368,NUVITA NUTRITION PTY LTD,Australian Private Company,ACT,ACT,NSW,2016,25,Possible,nutrition (+25),,Australian ABN Bulk Extract
53698009442,WA FOOD WHOLESALERS PTY LTD,Australian Private Company,ACT,NON,WA,6069,75,High potential,food wholesaler (+40); food wholesale (+35),,Australian ABN Bulk Extract
53698881088,HELI ASIAN GROCERY CRANBOURNE PTY LTD,Australian Private Company,ACT,ACT,VIC,3805,40,Good potential,grocery (+20); grocer (+20),,Australian ABN Bulk Extract
53699115092,BYTROPIC NUTRITION PTY LTD,Australian Private Company,ACT,ACT,NSW,2481,25,Possible,nutrition (+25),,Australian ABN Bulk Extract
53702839676,FREERANGE SUPPLEMENTS AUSTRALIA,Individual/Sole Trader,ACT,NON,QLD,4556,25,Possible,supplement (+25),,Australian ABN Bulk Extract
53714561996,Passion Nutrition,Individual/Sole Trader,ACT,NON,WA,6036,25,Possible,nutrition (+25),,Australian ABN Bulk Extract
53739876970,Nutrition Solutions,Individual/Sole Trader,ACT,NON,VIC,3109,25,Possible,nutrition (+25),,Australian ABN Bulk Extract
53778522178,JR Supplements,Individual/Sole Trader,ACT,ACT,VIC,3189,25,Possible,supplement (+25),,Australian ABN Bulk Extract
53802908939,Enliven Nutrition,Individual/Sole Trader,ACT,CAN,NSW,2322,25,Possible,nutrition (+25),,Australian ABN Bulk Extract
53816825334,THRIVE EIGHT NUTRITION,Individual/Sole Trader,ACT,NON,NSW,2282,25,Possible,nutrition (+25),,Australian ABN Bulk Extract
53825274028,COPIOUS NUTRITION,Individual/Sole Trader,ACT,ACT,TAS,7172,25,Possible,nutrition (+25),,Australian ABN Bulk Extract
53855054580,Eden Health & Nutrition,Individual/Sole Trader,ACT,CAN,QLD,4161,25,Possible,nutrition (+25),,Australian ABN Bulk Extract
53877376047,Uplift Nutrition,Individual/Sole Trader,ACT,NON,NSW,2023,25,Possible,nutrition (+25),,Australian ABN Bulk Extract
53886394986,ORGANIC SNACKS AND FOODS,Individual/Sole Trader,ACT,CAN,QLD,4503,25,Possible,organic (+15); food (+10),,Australian ABN Bulk Extract
53924881645,AJT Grocery,Individual/Sole Trader,ACT,NON,SA,5253,40,Good potential,grocery (+20); grocer (+20),,Australian ABN Bulk Extract
53991383920,NUTRITION 4 U,Individual/Sole Trader,ACT,NON,NSW,2155,25,Possible,nutrition (+25),,Australian ABN Bulk Extract
54112571162,NATURAL CARE NUTRITION,Individual/Sole Trader,ACT,NON,SA,5169,25,Possible,nutrition (+25),,Australian ABN Bulk Extract
54116737532,ASIA-PACIFIC AQUACULTURE NUTRITION ASSOCIATION INC,Other Incorporated Entity,ACT,NON,QLD,4160,25,Possible,nutrition (+25),,Australian ABN Bulk Extract
54122529944,Real Food Distributors Pty Ltd,Australian Private Company,ACT,ACT,VIC,3207,40,Good potential,food distributor (+40),,Australian ABN Bulk Extract
54122535102,Nutrition 4 Life Pty Ltd,Australian Private Company,ACT,ACT,QLD,4215,25,Possible,nutrition (+25),,Australian ABN Bulk Extract
54125679651,Active Vitality Nutrition,Individual/Sole Trader,ACT,CAN,VIC,3204,25,Possible,nutrition (+25),,Australian ABN Bulk Extract
54131872209,THORNLEIGH FRIENDLY GROCERY,Individual/Sole Trader,ACT,CAN,NSW,2199,40,Good potential,grocery (+20); grocer (+20),,Australian ABN Bulk Extract
54145798474,HEALTH FOOD BRANDS PTY LIMITED,Australian Private Company,ACT,ACT,NSW,2000,40,Good potential,health food (+40),,Australian ABN Bulk Extract
54147575102,Zest Nutrition Consulting Pty Ltd,Australian Private Company,ACT,ACT,NSW,2750,25,Possible,nutrition (+25),,Australian ABN Bulk Extract
54152167407,House of Supplements Pty Ltd,Australian Private Company,ACT,ACT,QLD,4073,25,Possible,supplement (+25),,Australian ABN Bulk Extract
54155746527,INFLOW NUTRITION,Individual/Sole Trader,ACT,NON,VIC,3218,25,Possible,nutrition (+25),,Australian ABN Bulk Extract
54176916455,NUTRA NUTRITION & WELLNESS,Individual/Sole Trader,ACT,NON,VIC,3190,25,Possible,nutrition (+25),,Australian ABN Bulk Extract
54209674658,Kin Nutrition,Individual/Sole Trader,ACT,NON,WA,6166,25,Possible,nutrition (+25),,Australian ABN Bulk Extract
54215632446,GLOWELLNESS NUTRITION,Individual/Sole Trader,ACT,NON,VIC,3030,25,Possible,nutrition (+25),,Australian ABN Bulk Extract
54278601992,BEER IMPORTERS & DISTRIBUTORS PTY LIMITED & F.P BERGES & COOK FAMILY TRUST,Other Partnership,ACT,NON,NSW,2020,25,Possible,distributor (+15); importer (+10),,Australian ABN Bulk Extract
54290689136,ARO'A SKIN & NUTRITION,Individual/Sole Trader,ACT,NON,QLD,4557,25,Possible,nutrition (+25),,Australian ABN Bulk Extract
54320021790,VITALCARE NUTRITION,Individual/Sole Trader,ACT,NON,QLD,4305,25,Possible,nutrition (+25),,Australian ABN Bulk Extract
54334756171,Dmouna Natural Products,Individual/Sole Trader,ACT,ACT,NSW,2259,35,Possible,natural products (+35),,Australian ABN Bulk Extract
54472432988,RHEA Grocery Store,Individual/Sole Trader,ACT,ACT,NSW,2141,40,Good potential,grocery (+20); grocer (+20),,Australian ABN Bulk Extract
54484219844,The Sprout Nutrition & Wellness,Individual/Sole Trader,ACT,NON,WA,6023,25,Possible,nutrition (+25),,Australian ABN Bulk Extract
54536856684,The Trustee for Daily Delights Grocery,Fixed Unit Trust,ACT,ACT,QLD,4556,40,Good potential,grocery (+20); grocer (+20),,Australian ABN Bulk Extract
54536925086,Shree Aaria Crop Nutrition and Pest Management,Individual/Sole Trader,ACT,CAN,QLD,4880,25,Possible,nutrition (+25),,Australian ABN Bulk Extract
54600517360,RED RANGE STOCK SUPPLEMENTS PTY LTD,Australian Private Company,ACT,ACT,WA,6743,25,Possible,supplement (+25),,Australian ABN Bulk Extract
54617842385,ENHANCED NUTRITION BANKSTOWN,Individual/Sole Trader,ACT,ACT,NSW,2747,25,Possible,nutrition (+25),,Australian ABN Bulk Extract
54624811776,BYRON HEALTH FOODS INTERNATIONAL PTY LTD,Australian Private Company,ACT,ACT,NSW,2481,40,Good potential,health food (+40),,Australian ABN Bulk Extract
54624844560,LYNGARTH ENTERPRISES IMPORTERS & WHOLESALERS PTY LTD,Australian Private Company,ACT,ACT,QLD,4214,25,Possible,wholesale (+15); importer (+10),,Australian ABN Bulk Extract
54633763470,SPORTS NUTRITION AUSTRALIA - PHYSIQUE CONTEST PREP PTY LTD,Australian Private Company,ACT,CAN,QLD,4152,25,Possible,nutrition (+25),,Australian ABN Bulk Extract
54637855228,GLENHAVEN SKINCARE & NUTRITION PTY LTD,Australian Private Company,ACT,NON,NSW,2156,25,Possible,nutrition (+25),,Australian ABN Bulk Extract
54645831287,IN NUTRITION PTY LTD,Australian Private Company,ACT,ACT,NSW,2208,25,Possible,nutrition (+25),,Australian ABN Bulk Extract
54650483155,ON FORM SUPPLEMENTS,Individual/Sole Trader,ACT,NON,NSW,2155,25,Possible,supplement (+25),,Australian ABN Bulk Extract
54650995485,EVERGREEN ORGANIC WHOLESALER PTY LTD,Australian Private Company,ACT,ACT,NSW,2765,30,Possible,wholesale (+15); organic (+15),,Australian ABN Bulk Extract
54653317232,NOUMI NUTRITIONALS IP PTY LTD,Australian Private Company,ACT,NON,NSW,2565,25,Possible,nutrition (+25),,Australian ABN Bulk Extract
54668867072,The trustee for Bounce Nutrition Trust,Discretionary Trading Trust,ACT,ACT,QLD,4179,25,Possible,nutrition (+25),,Australian ABN Bulk Extract
54670400558,SMILE ASIAN GROCERY PTY LTD,Australian Private Company,ACT,ACT,VIC,3011,40,Good potential,grocery (+20); grocer (+20),,Australian ABN Bulk Extract
54672071162,OMEGA MART GROCERY PTY LTD,Australian Private Company,ACT,ACT,NSW,2122,40,Good potential,grocery (+20); grocer (+20),,Australian ABN Bulk Extract
54679190786,BRISBANE PAEDIATRIC NUTRITION PTY LTD,Australian Private Company,ACT,ACT,QLD,4017,25,Possible,nutrition (+25),,Australian ABN Bulk Extract
54679784911,BLACKWOLF NUTRITION PTY LTD,Australian Private Company,ACT,ACT,NSW,2261,25,Possible,nutrition (+25),,Australian ABN Bulk Extract
54680709013,BADASS SUPPLEMENTS PTY LTD,Australian Private Company,ACT,NON,NSW,2229,25,Possible,supplement (+25),,Australian ABN Bulk Extract
54682310809,GUTTI SUPPLEMENTS PTY LTD,Australian Private Company,ACT,NON,VIC,3032,25,Possible,supplement (+25),,Australian ABN Bulk Extract
54697185309,NUTRITION FOR A HEALTHY LIFE PTY LTD,Australian Private Company,ACT,ACT,QLD,4740,25,Possible,nutrition (+25),,Australian ABN Bulk Extract
54722097474,SUPPLEMENT EMPIRE,Individual/Sole Trader,ACT,CAN,NSW,2038,25,Possible,supplement (+25),,Australian ABN Bulk Extract
54734383808,The Nurse Nutritionist Perth,Individual/Sole Trader,ACT,NON,WA,6155,25,Possible,nutrition (+25),,Australian ABN Bulk Extract
54738865204,MELODY NUTRITION,Individual/Sole Trader,ACT,NON,NSW,2088,25,Possible,nutrition (+25),,Australian ABN Bulk Extract
54862671344,Zeven Performance and Nutrition,Individual/Sole Trader,ACT,ACT,VIC,3550,25,Possible,nutrition (+25),,Australian ABN Bulk Extract
54865867528,EMILY GARDEM NUTRITION,Individual/Sole Trader,ACT,NON,NSW,2529,25,Possible,nutrition (+25),,Australian ABN Bulk Extract
54903665659,RIVER COUNTRY HEALTH AND NUTRITION,Individual/Sole Trader,ACT,NON,VIC,3280,25,Possible,nutrition (+25),,Australian ABN Bulk Extract
54927585241,Liz Dukes Nutrition Consulting,Individual/Sole Trader,ACT,NON,NSW,2773,25,Possible,nutrition (+25),,Australian ABN Bulk Extract
54951818211,Nutrition 4U,Individual/Sole Trader,ACT,CAN,WA,6031,25,Possible,nutrition (+25),,Australian ABN Bulk Extract
54952375587,PRACICAL NUTRITION,Individual/Sole Trader,ACT,NON,VIC,3820,25,Possible,nutrition (+25),,Australian ABN Bulk Extract
54977930122,INTUITIVE NUTRITION,Individual/Sole Trader,ACT,ACT,VIC,3057,25,Possible,nutrition (+25),,Australian ABN Bulk Extract
55066132894,NUTRITION MARKETING SOLUTIONS PTY. LTD.,Australian Private Company,ACT,CAN,NSW,2016,25,Possible,nutrition (+25),,Australian ABN Bulk Extract
55067825816,L.S. NUTRITION AND DIETETIC SERVICES PTY. LTD.,Australian Private Company,ACT,CAN,NSW,2450,25,Possible,nutrition (+25),,Australian ABN Bulk Extract
55081315086,TRULY NATURAL PRODUCTS PTY. LIMITED,Australian Private Company,ACT,ACT,NSW,2560,35,Possible,natural products (+35),,Australian ABN Bulk Extract
55085417321,A K HEALTH FOODS PTY LTD,Australian Private Company,ACT,ACT,NSW,2164,40,Good potential,health food (+40),,Australian ABN Bulk Extract
55115219936,RELISH NUTRITION,Individual/Sole Trader,ACT,CAN,VIC,3218,25,Possible,nutrition (+25),,Australian ABN Bulk Extract
55132416884,Solly's Online Grocery,Individual/Sole Trader,ACT,ACT,VIC,3185,40,Good potential,grocery (+20); grocer (+20),,Australian ABN Bulk Extract
55145997744,Eden Health Foods Pty Ltd,Australian Private Company,ACT,ACT,NSW,2446,40,Good potential,health food (+40),,Australian ABN Bulk Extract
55159014153,Nutrition Australia ACT Incorporated,Other Incorporated Entity,ACT,ACT,ACT,2606,25,Possible,nutrition (+25),,Australian ABN Bulk Extract
55170349389,Bundoora Milk Bar & Grocery Store,Individual/Sole Trader,ACT,ACT,VIC,3083,40,Good potential,grocery (+20); grocer (+20),,Australian ABN Bulk Extract
55207781768,Food First Nutrition,Individual/Sole Trader,ACT,NON,NSW,2088,35,Possible,nutrition (+25); food (+10),,Australian ABN Bulk Extract
55291696737,MANNA LIFE HEALTH SUPPLEMENTS,Individual/Sole Trader,ACT,NON,NSW,2766,25,Possible,supplement (+25),,Australian ABN Bulk Extract
55296326087,FOOD FIRST NUTRITIONAL CONSULTING,Individual/Sole Trader,ACT,ACT,VIC,3687,35,Possible,nutrition (+25); food (+10),,Australian ABN Bulk Extract
55307432672,Body Warfare Nutrition,Individual/Sole Trader,ACT,CAN,VIC,3134,25,Possible,nutrition (+25),,Australian ABN Bulk Extract
